allocation,iso3,private_Mha,private_vop_Musd,public_Mha,public_vop_Musd,intersection_Mha,intersection_vop_Musd
targeted,AGO,0.112,225.0,0.0,0.0,0.0,0.0
targeted,BDI,0.209,194.6,0.0,0.0,0.0,0.0
targeted,BEN,0.0,0.0,0.0,0.0,0.0,0.0
targeted,BFA,0.0,0.0,0.0,0.0,0.0,0.0
targeted,BWA,0.0,0.0,0.0,0.0,0.0,0.0
targeted,CAF,0.001,0.4,0.0,0.0,0.0,0.0
targeted,CIV,0.0,0.0,0.0,0.3,0.0,0.0
targeted,CMR,0.705,673.5,0.587,541.9,0.526,511.1
targeted,COD,0.061,50.6,0.024,9.3,0.011,4.2
targeted,COG,0.009,17.6,0.0,0.0,0.0,0.0
targeted,DJI,0.0,0.0,0.0,0.0,0.0,0.0
targeted,ERI,0.0,0.0,0.0,0.0,0.0,0.0
targeted,ETH,0.036,40.3,0.527,372.3,0.036,39.0
targeted,GAB,0.006,7.3,0.0,0.0,0.0,0.0
targeted,GHA,0.0,0.0,0.0,0.0,0.0,0.0
targeted,GIN,0.381,264.2,0.457,291.2,0.346,235.6
targeted,GMB,0.0,0.0,0.0,0.0,0.0,0.0
targeted,GNB,0.003,2.1,0.005,2.8,0.002,1.3
targeted,GNQ,0.0,0.4,0.0,0.0,0.0,0.0
targeted,KEN,0.004,29.0,0.0,0.0,0.0,0.0
targeted,LBR,0.0,0.1,0.0,0.1,0.0,0.0
targeted,LSO,0.0,0.0,0.0,0.0,0.0,0.0
targeted,MDG,0.024,42.8,0.035,19.1,0.004,2.5
targeted,MLI,0.0,0.0,0.0,0.0,0.0,0.0
targeted,MOZ,0.0,0.0,0.001,0.2,0.0,0.0
targeted,MRT,0.0,0.0,0.0,0.0,0.0,0.0
targeted,MWI,0.0,0.0,0.002,1.1,0.0,0.0
targeted,NAM,0.0,0.0,0.0,0.0,0.0,0.0
targeted,NER,0.0,0.0,0.0,0.0,0.0,0.0
targeted,NGA,0.016,18.2,0.053,40.6,0.005,4.5
targeted,RWA,0.199,336.4,0.0,0.0,0.0,0.0
targeted,SDN,0.0,0.0,0.0,0.0,0.0,0.0
targeted,SEN,0.0,0.0,0.0,0.0,0.0,0.0
targeted,SLE,0.046,54.3,0.018,19.6,0.017,19.1
targeted,SOM,0.0,0.0,0.0,0.0,0.0,0.0
targeted,SSD,0.0,0.0,0.0,0.0,0.0,0.0
targeted,SWZ,0.001,0.6,0.0,0.0,0.0,0.0
targeted,TCD,0.0,0.0,0.0,0.0,0.0,0.0
targeted,TGO,0.0,0.0,0.0,0.0,0.0,0.0
targeted,TZA,0.07,100.4,0.044,52.1,0.029,43.0
targeted,UGA,0.019,16.4,0.0,0.0,0.0,0.0
targeted,ZAF,0.084,142.1,0.0,0.0,0.0,0.0
targeted,ZMB,0.038,45.5,0.0,0.0,0.0,0.0
targeted,ZWE,0.0,0.0,0.0,0.0,0.0,0.0
uniform_20,AGO,0.129,219.2,0.0,0.0,0.0,0.0
uniform_20,BDI,0.054,68.0,0.0,0.0,0.0,0.0
uniform_20,BEN,0.0,0.0,0.0,0.0,0.0,0.0
uniform_20,BFA,0.0,0.0,0.0,0.0,0.0,0.0
uniform_20,BWA,0.0,0.0,0.0,0.0,0.0,0.0
uniform_20,CAF,0.0,0.0,0.0,0.0,0.0,0.0
uniform_20,CIV,0.0,0.0,0.001,0.6,0.0,0.0
uniform_20,CMR,0.551,548.7,0.68,641.5,0.482,486.6
uniform_20,COD,0.021,16.0,0.029,13.8,0.006,2.7
uniform_20,COG,0.0,0.1,0.0,0.0,0.0,0.0
uniform_20,DJI,0.0,0.0,0.0,0.0,0.0,0.0
uniform_20,ERI,0.0,0.0,0.0,0.0,0.0,0.0
uniform_20,ETH,0.024,21.1,0.894,595.7,0.024,21.1
uniform_20,GAB,0.004,5.0,0.0,0.0,0.0,0.0
uniform_20,GHA,0.0,0.0,0.0,0.0,0.0,0.0
uniform_20,GIN,0.146,117.5,0.598,418.4,0.139,109.1
uniform_20,GMB,0.0,0.0,0.0,0.0,0.0,0.0
uniform_20,GNB,0.0,0.0,0.007,3.1,0.0,0.0
uniform_20,GNQ,0.0,0.1,0.0,0.0,0.0,0.0
uniform_20,KEN,0.001,5.8,0.0,0.0,0.0,0.0
uniform_20,LBR,0.0,0.0,0.0,0.4,0.0,0.0
uniform_20,LSO,0.0,0.0,0.0,0.0,0.0,0.0
uniform_20,MDG,0.001,4.4,0.078,52.5,0.0,0.0
uniform_20,MLI,0.0,0.0,0.0,0.0,0.0,0.0
uniform_20,MOZ,0.0,0.0,0.005,2.0,0.0,0.0
uniform_20,MRT,0.0,0.0,0.0,0.0,0.0,0.0
uniform_20,MWI,0.0,0.0,0.003,1.7,0.0,0.0
uniform_20,NAM,0.0,0.0,0.0,0.0,0.0,0.0
uniform_20,NER,0.0,0.0,0.0,0.0,0.0,0.0
uniform_20,NGA,0.008,7.3,0.161,170.9,0.004,3.1
uniform_20,RWA,0.136,233.1,0.0,0.0,0.0,0.0
uniform_20,SDN,0.0,0.0,0.0,0.0,0.0,0.0
uniform_20,SEN,0.0,0.0,0.0,0.0,0.0,0.0
uniform_20,SLE,0.004,6.7,0.025,35.6,0.002,3.1
uniform_20,SOM,0.0,0.0,0.0,0.0,0.0,0.0
uniform_20,SSD,0.0,0.0,0.0,0.0,0.0,0.0
uniform_20,SWZ,0.0,0.0,0.0,0.0,0.0,0.0
uniform_20,TCD,0.0,0.0,0.0,0.0,0.0,0.0
uniform_20,TGO,0.0,0.0,0.0,0.0,0.0,0.0
uniform_20,TZA,0.004,9.0,0.049,55.3,0.004,8.6
uniform_20,UGA,0.0,0.0,0.0,0.0,0.0,0.0
uniform_20,ZAF,0.015,33.2,0.0,0.0,0.0,0.0
uniform_20,ZMB,0.012,13.5,0.0,0.0,0.0,0.0
uniform_20,ZWE,0.0,0.0,0.0,0.0,0.0,0.0
