allocation,iso3,private_Mha,private_farms_M,private_vop_Musd,public_Mha,public_farms_M,public_vop_Musd,intersection_Mha,intersection_farms_M,intersection_vop_Musd,combined_Mha,combined_farms_M,combined_vop_Musd
targeted,AGO,1.133,0.566,1676.6,0.0,0.0,0.0,0.0,0.0,0.0,1.275,0.638,1759.8
targeted,BDI,0.576,1.152,468.4,0.0,0.0,0.0,0.0,0.0,0.0,0.63,1.259,498.7
targeted,BEN,0.003,0.002,1.8,0.0,0.0,0.0,0.0,0.0,0.0,0.008,0.005,4.4
targeted,BFA,0.0,0.0,0.0,0.0,0.0,0.0,0.0,0.0,0.0,0.0,0.0,0.0
targeted,BWA,0.0,0.0,0.0,0.0,0.0,0.0,0.0,0.0,0.0,0.0,0.0,0.0
targeted,CAF,0.055,0.037,35.8,0.0,0.0,0.0,0.0,0.0,0.0,0.158,0.105,93.0
targeted,CIV,0.026,0.009,20.9,0.001,0.0,0.6,0.001,0.0,0.6,0.428,0.143,265.9
targeted,CMR,1.213,0.758,1041.8,0.68,0.425,605.2,0.663,0.414,601.1,1.317,0.823,1091.5
targeted,COD,0.857,0.535,703.6,0.051,0.032,16.5,0.032,0.02,12.9,1.718,1.073,1037.5
targeted,COG,0.055,0.036,75.2,0.0,0.0,0.0,0.0,0.0,0.0,0.075,0.05,82.7
targeted,DJI,0.0,0.0,0.0,0.0,0.0,0.0,0.0,0.0,0.0,0.0,0.0,0.0
targeted,ERI,0.0,0.0,0.0,0.0,0.0,0.0,0.0,0.0,0.0,0.0,0.0,0.0
targeted,ETH,0.368,0.368,301.7,0.65,0.65,461.1,0.361,0.361,295.3,0.674,0.674,476.5
targeted,GAB,0.058,0.038,48.8,0.0,0.0,0.0,0.0,0.0,0.0,0.063,0.042,51.7
targeted,GHA,0.006,0.005,7.2,0.0,0.0,0.0,0.0,0.0,0.0,0.086,0.072,70.9
targeted,GIN,0.579,0.289,376.6,0.542,0.271,345.3,0.532,0.266,342.4,0.598,0.299,384.8
targeted,GMB,0.0,0.0,0.0,0.0,0.0,0.0,0.0,0.0,0.0,0.0,0.0,0.0
targeted,GNB,0.024,0.016,14.7,0.01,0.007,6.4,0.01,0.007,6.4,0.033,0.022,19.3
targeted,GNQ,0.034,0.023,25.1,0.0,0.0,0.0,0.0,0.0,0.0,0.036,0.024,25.8
targeted,KEN,0.022,0.022,63.9,0.0,0.0,0.0,0.0,0.0,0.0,0.064,0.064,94.8
targeted,LBR,0.012,0.008,9.5,0.001,0.0,0.3,0.001,0.0,0.3,0.051,0.034,42.8
targeted,LSO,0.0,0.0,0.1,0.0,0.0,0.0,0.0,0.0,0.0,0.001,0.001,0.3
targeted,MDG,0.128,0.142,132.6,0.061,0.067,31.5,0.039,0.044,25.8,0.214,0.238,162.3
targeted,MLI,0.02,0.005,15.5,0.0,0.0,0.0,0.0,0.0,0.0,0.02,0.005,15.5
targeted,MOZ,0.009,0.006,4.1,0.003,0.002,0.8,0.0,0.0,0.1,0.054,0.036,20.1
targeted,MRT,0.0,0.0,0.0,0.0,0.0,0.0,0.0,0.0,0.0,0.0,0.0,0.0
targeted,MWI,0.018,0.023,16.2,0.004,0.005,1.7,0.002,0.002,1.0,0.034,0.043,25.9
targeted,NAM,0.0,0.0,0.0,0.0,0.0,0.0,0.0,0.0,0.0,0.0,0.0,0.0
targeted,NER,0.0,0.0,0.0,0.0,0.0,0.0,0.0,0.0,0.0,0.0,0.0,0.0
targeted,NGA,0.998,0.554,1506.1,0.095,0.053,69.2,0.078,0.043,61.8,1.612,0.896,1969.5
targeted,RWA,0.717,1.195,808.2,0.014,0.023,11.0,0.014,0.023,11.0,0.764,1.273,839.9
targeted,SDN,0.0,0.0,0.0,0.0,0.0,0.0,0.0,0.0,0.0,0.0,0.0,0.0
targeted,SEN,0.004,0.001,1.6,0.0,0.0,0.0,0.0,0.0,0.0,0.004,0.001,1.6
targeted,SLE,0.139,0.093,121.2,0.063,0.042,60.8,0.062,0.042,60.6,0.232,0.155,175.3
targeted,SOM,0.0,0.0,0.0,0.0,0.0,0.0,0.0,0.0,0.0,0.0,0.0,0.0
targeted,SSD,0.006,0.003,6.1,0.0,0.0,0.0,0.0,0.0,0.0,0.019,0.009,15.5
targeted,SWZ,0.015,0.01,6.8,0.0,0.0,0.0,0.0,0.0,0.0,0.018,0.012,7.6
targeted,TCD,0.0,0.0,0.0,0.0,0.0,0.0,0.0,0.0,0.0,0.0,0.0,0.0
targeted,TGO,0.002,0.001,1.2,0.0,0.0,0.0,0.0,0.0,0.0,0.019,0.012,10.4
targeted,TZA,0.462,0.231,409.7,0.057,0.029,68.6,0.052,0.026,66.5,0.659,0.329,519.6
targeted,UGA,0.23,0.209,226.6,0.001,0.001,0.6,0.001,0.001,0.6,0.603,0.548,519.1
targeted,ZAF,0.12,0.04,177.3,0.0,0.0,0.2,0.0,0.0,0.2,0.12,0.04,177.5
targeted,ZMB,0.332,0.133,283.8,0.0,0.0,0.0,0.0,0.0,0.0,0.361,0.144,299.5
targeted,ZWE,0.002,0.001,0.9,0.0,0.0,0.0,0.0,0.0,0.0,0.005,0.002,1.6
uniform_20,AGO,1.247,0.623,1878.6,0.0,0.0,0.0,0.0,0.0,0.0,1.357,0.678,2069.0
uniform_20,BDI,0.558,1.115,466.1,0.0,0.0,0.0,0.0,0.0,0.0,0.623,1.246,518.4
uniform_20,BEN,0.0,0.0,0.0,0.0,0.0,0.0,0.0,0.0,0.0,0.0,0.0,0.0
uniform_20,BFA,0.0,0.0,0.0,0.0,0.0,0.0,0.0,0.0,0.0,0.0,0.0,0.0
uniform_20,BWA,0.0,0.0,0.0,0.0,0.0,0.0,0.0,0.0,0.0,0.0,0.0,0.0
uniform_20,CAF,0.064,0.043,41.7,0.0,0.0,0.0,0.0,0.0,0.0,0.139,0.093,88.2
uniform_20,CIV,0.196,0.065,124.7,0.002,0.001,1.1,0.0,0.0,0.0,0.436,0.145,275.3
uniform_20,CMR,1.133,0.708,1043.2,0.796,0.498,722.3,0.725,0.453,681.4,1.505,0.941,1321.5
uniform_20,COD,0.846,0.529,904.5,0.078,0.049,36.0,0.03,0.019,15.4,1.543,0.965,1522.1
uniform_20,COG,0.051,0.034,88.3,0.0,0.0,0.0,0.0,0.0,0.0,0.08,0.054,127.3
uniform_20,DJI,0.0,0.0,0.0,0.0,0.0,0.0,0.0,0.0,0.0,0.0,0.0,0.0
uniform_20,ERI,0.0,0.0,0.0,0.0,0.0,0.0,0.0,0.0,0.0,0.0,0.0,0.0
uniform_20,ETH,0.464,0.464,322.3,1.294,1.294,879.2,0.457,0.457,318.4,1.377,1.377,939.0
uniform_20,GAB,0.055,0.037,51.4,0.0,0.0,0.0,0.0,0.0,0.0,0.07,0.047,63.5
uniform_20,GHA,0.013,0.01,11.8,0.0,0.0,0.0,0.0,0.0,0.0,0.054,0.045,66.1
uniform_20,GIN,0.57,0.285,419.3,0.719,0.36,503.4,0.538,0.269,394.9,0.793,0.396,553.7
uniform_20,GMB,0.0,0.0,0.0,0.0,0.0,0.0,0.0,0.0,0.0,0.0,0.0,0.0
uniform_20,GNB,0.008,0.005,4.5,0.015,0.01,7.3,0.003,0.002,1.9,0.032,0.021,16.5
uniform_20,GNQ,0.031,0.021,22.9,0.0,0.0,0.0,0.0,0.0,0.0,0.036,0.024,26.0
uniform_20,KEN,0.107,0.107,121.6,0.0,0.0,0.0,0.0,0.0,0.0,0.202,0.202,192.0
uniform_20,LBR,0.023,0.015,20.9,0.001,0.001,1.5,0.0,0.0,0.2,0.054,0.036,48.7
uniform_20,LSO,0.0,0.0,0.1,0.0,0.0,0.0,0.0,0.0,0.0,0.0,0.0,0.1
uniform_20,MDG,0.065,0.073,98.1,0.125,0.139,80.9,0.017,0.019,14.7,0.291,0.324,286.6
uniform_20,MLI,0.001,0.0,0.5,0.0,0.0,0.0,0.0,0.0,0.0,0.001,0.0,0.5
uniform_20,MOZ,0.046,0.031,45.8,0.017,0.012,6.7,0.0,0.0,0.0,0.092,0.061,74.4
uniform_20,MRT,0.0,0.0,0.0,0.0,0.0,0.0,0.0,0.0,0.0,0.0,0.0,0.0
uniform_20,MWI,0.001,0.001,0.8,0.009,0.011,5.1,0.0,0.0,0.0,0.011,0.013,6.4
uniform_20,NAM,0.0,0.0,0.0,0.0,0.0,0.0,0.0,0.0,0.0,0.0,0.0,0.0
uniform_20,NER,0.0,0.0,0.0,0.0,0.0,0.0,0.0,0.0,0.0,0.0,0.0,0.0
uniform_20,NGA,0.625,0.347,1190.0,0.27,0.15,273.2,0.059,0.033,55.1,1.667,0.926,2778.2
uniform_20,RWA,0.689,1.148,839.8,0.01,0.017,9.1,0.002,0.003,1.9,0.82,1.367,1017.0
uniform_20,SDN,0.0,0.0,0.0,0.0,0.0,0.0,0.0,0.0,0.0,0.0,0.0,0.0
uniform_20,SEN,0.0,0.0,0.0,0.0,0.0,0.0,0.0,0.0,0.0,0.0,0.0,0.0
uniform_20,SLE,0.154,0.103,211.3,0.097,0.065,137.8,0.084,0.056,118.1,0.295,0.197,374.7
uniform_20,SOM,0.0,0.0,0.0,0.0,0.0,0.0,0.0,0.0,0.0,0.0,0.0,0.0
uniform_20,SSD,0.011,0.005,9.0,0.0,0.0,0.0,0.0,0.0,0.0,0.015,0.007,11.8
uniform_20,SWZ,0.007,0.004,3.2,0.0,0.0,0.0,0.0,0.0,0.0,0.012,0.008,5.7
uniform_20,TCD,0.0,0.0,0.0,0.0,0.0,0.0,0.0,0.0,0.0,0.0,0.0,0.0
uniform_20,TGO,0.015,0.01,9.4,0.0,0.0,0.0,0.0,0.0,0.0,0.055,0.034,31.9
uniform_20,TZA,0.295,0.147,293.3,0.071,0.035,78.8,0.055,0.027,66.0,0.455,0.227,433.6
uniform_20,UGA,0.384,0.349,309.7,0.003,0.003,2.1,0.0,0.0,0.0,0.703,0.639,562.4
uniform_20,ZAF,0.126,0.042,223.4,0.001,0.0,1.5,0.0,0.0,0.4,0.158,0.053,280.8
uniform_20,ZMB,0.2,0.08,209.4,0.0,0.0,0.0,0.0,0.0,0.0,0.242,0.097,262.9
uniform_20,ZWE,0.0,0.0,0.1,0.0,0.0,0.0,0.0,0.0,0.0,0.001,0.0,0.4
