regime,allocation,envelope,ha_Mha,farms_M,value_prod_Musd,cdr_Mt
year1,targeted,private,8.22,6.51,8589.7,47.86
year1,targeted,public,2.23,1.61,1679.8,25.02
year1,targeted,intersection,1.85,1.25,1486.5,22.23
year1,targeted,combined,11.95,9.07,10761.3,65.29
year1,uniform_20,private,7.98,6.4,8965.7,30.12
year1,uniform_20,public,3.51,2.64,2745.9,17.79
year1,uniform_20,intersection,1.97,1.34,1668.6,10.68
year1,uniform_20,combined,13.12,10.22,13954.7,51.5
npv,targeted,private,2.03,1.69,2261.9,21.05
npv,targeted,public,1.75,1.25,1350.5,21.79
npv,targeted,intersection,0.97,0.58,860.3,15.94
npv,targeted,combined,4.94,4.36,4847.2,37.7
npv,uniform_20,private,1.11,0.88,1308.6,5.29
npv,uniform_20,public,2.53,1.87,1991.6,13.39
npv,uniform_20,intersection,0.66,0.4,634.4,3.85
npv,uniform_20,combined,4.32,3.59,4070.9,19.96
equilibrium,targeted,private,4.31,3.73,4650.8,8.85
equilibrium,targeted,public,2.23,1.61,1679.5,6.33
equilibrium,targeted,intersection,1.46,0.92,1219.6,4.8
equilibrium,targeted,combined,8.05,6.61,8181.2,15.21
equilibrium,uniform_20,private,1.29,1.02,1502.2,5.9
equilibrium,uniform_20,public,3.51,2.64,2745.9,17.79
equilibrium,uniform_20,intersection,0.75,0.46,718.2,4.35
equilibrium,uniform_20,combined,5.69,4.85,5482.8,25.19
