"allocation","envelope","ha_Mha","farms_M","value_prod_Musd","cdr_Mt"
"targeted","private",4.31,3.73,4650.8,8.4
"targeted","public",1.95,1.41,1481,5.61
"targeted","intersection",1.32,0.83,1104.4,4.28
"targeted","combined",7.61,6.31,7745.1,13.92
"uniform_10","private",3.52,2.98,4082.6,6.5
"uniform_10","public",3.61,2.75,2765.7,8.75
"uniform_10","intersection",1.21,0.78,1094.5,3.12
"uniform_10","combined",8.27,6.89,8512.8,16.45
"uniform_20","private",1.29,1.02,1502.2,5.9
"uniform_20","public",3.95,3.01,3094.1,20.37
"uniform_20","intersection",0.75,0.46,716.2,4.21
"uniform_20","combined",6.38,5.42,6144.9,29.23
"uniform_50","private",0.45,0.32,521,6.33
"uniform_50","public",4.2,3.2,3344.6,55.9
"uniform_50","intersection",0.41,0.25,416.5,5.99
"uniform_50","combined",4.7,3.74,4090,60.98
