regime,allocation,accounting,envelope,ha_Mha,farms_M,value_Musd,cdr_Mt
npv,targeted,gross,private,2.03,1.69,2262.0,21.05
npv,targeted,gross,public,1.75,1.25,1351.0,21.79
npv,targeted,gross,intersection,0.97,0.58,860.0,15.94
npv,targeted,net-export,private,2.03,1.69,2262.0,10.63
npv,targeted,net-export,public,0.14,0.09,147.0,3.09
npv,targeted,net-export,intersection,0.14,0.09,147.0,3.09
npv,uniform_20,gross,private,1.11,0.88,1309.0,5.29
npv,uniform_20,gross,public,2.53,1.87,1992.0,13.39
npv,uniform_20,gross,intersection,0.66,0.4,634.0,3.85
npv,uniform_20,net-export,private,1.11,0.88,1309.0,0.27
npv,uniform_20,net-export,public,0.05,0.03,37.0,0.24
npv,uniform_20,net-export,intersection,0.0,0.0,0.0,0.0
equilibrium,targeted,gross,private,4.31,3.73,4651.0,8.85
equilibrium,targeted,gross,public,2.23,1.61,1679.0,6.33
equilibrium,targeted,gross,intersection,1.46,0.92,1220.0,4.8
equilibrium,targeted,net-export,private,4.31,3.73,4651.0,7.15
equilibrium,targeted,net-export,public,1.65,1.17,1278.0,4.85
equilibrium,targeted,net-export,intersection,1.2,0.75,1009.0,3.93
equilibrium,uniform_20,gross,private,1.29,1.02,1502.0,5.9
equilibrium,uniform_20,gross,public,3.51,2.64,2746.0,17.79
equilibrium,uniform_20,gross,intersection,0.75,0.46,718.0,4.35
equilibrium,uniform_20,net-export,private,1.29,1.02,1502.0,5.4
equilibrium,uniform_20,net-export,public,3.16,2.37,2462.0,15.11
equilibrium,uniform_20,net-export,intersection,0.74,0.45,704.0,4.0
