scenario,envelope,carbon,mrv,cmult,rmult,ymult,area_Mha,private_M,cdr_Mt
Conservative,Private,100,40,1.5,0.5,0.75,1.36,1751,1.4
Conservative,Public,100,40,1.5,0.5,0.75,0.0,0,0.0
Conservative,Intersection,100,40,1.5,0.5,0.75,0.0,0,0.0
Conservative,Combined,100,40,1.5,0.5,0.75,1.53,1830,1.6
Central,Private,150,20,1.0,1.0,1.0,4.31,3496,7.1
Central,Public,150,20,1.0,1.0,1.0,1.65,1339,4.8
Central,Intersection,150,20,1.0,1.0,1.0,1.2,1274,3.9
Central,Combined,150,20,1.0,1.0,1.0,6.85,4311,10.9
Optimistic,Private,250,10,0.75,1.5,1.5,8.73,4868,21.5
Optimistic,Public,250,10,0.75,1.5,1.5,11.3,4429,31.3
Optimistic,Intersection,250,10,0.75,1.5,1.5,6.6,3772,19.2
Optimistic,Combined,250,10,0.75,1.5,1.5,15.61,5780,35.6
