carbon,mrv,cmult,rmult,ymult,private_Mha,public_Mha,intersection_Mha,combined_Mha,intersection_CDR_Mt,public_CDR_Mt
100,10,0.75,0.5,0.75,4.31,0.0,0.0,5.55,0.0,0.0
100,10,0.75,0.5,1.0,6.03,0.0,0.0,7.2,0.0,0.0
100,10,0.75,0.5,1.5,8.73,0.0,0.0,9.62,0.0,0.0
100,10,0.75,1.0,0.75,4.31,1.46,1.1,6.69,3.8,4.5
100,10,0.75,1.0,1.0,6.03,1.46,1.25,8.19,4.1,4.5
100,10,0.75,1.0,1.5,8.73,1.46,1.4,10.48,4.4,4.5
100,10,0.75,1.5,0.75,4.31,2.23,1.49,7.87,4.4,5.8
100,10,0.75,1.5,1.0,6.03,2.23,1.73,9.33,4.9,5.8
100,10,0.75,1.5,1.5,8.73,2.23,2.04,11.57,5.5,5.8
100,10,1.0,0.5,0.75,2.75,0.0,0.0,3.6,0.0,0.0
100,10,1.0,0.5,1.0,4.31,0.0,0.0,5.21,0.0,0.0
100,10,1.0,0.5,1.5,6.78,0.0,0.0,7.63,0.0,0.0
100,10,1.0,1.0,0.75,2.75,0.69,0.58,4.62,2.5,2.8
100,10,1.0,1.0,1.0,4.31,0.69,0.63,6.12,2.6,2.8
100,10,1.0,1.0,1.5,6.78,0.69,0.68,8.39,2.7,2.8
100,10,1.0,1.5,0.75,2.75,1.73,1.08,5.43,3.6,5.0
100,10,1.0,1.5,1.0,4.31,1.73,1.24,6.94,4.0,5.0
100,10,1.0,1.5,1.5,6.78,1.73,1.5,9.13,4.5,5.0
100,10,1.5,0.5,0.75,1.36,0.0,0.0,1.76,0.0,0.0
100,10,1.5,0.5,1.0,2.3,0.0,0.0,2.76,0.0,0.0
100,10,1.5,0.5,1.5,4.31,0.0,0.0,4.89,0.0,0.0
100,10,1.5,1.0,0.75,1.36,0.0,0.0,2.28,0.0,0.0
100,10,1.5,1.0,1.0,2.3,0.0,0.0,3.35,0.0,0.0
100,10,1.5,1.0,1.5,4.31,0.0,0.0,5.55,0.0,0.0
100,10,1.5,1.5,0.75,1.36,0.69,0.49,2.92,2.2,2.8
100,10,1.5,1.5,1.0,2.3,0.69,0.57,4.06,2.5,2.8
100,10,1.5,1.5,1.5,4.31,0.69,0.63,6.12,2.6,2.8
100,20,0.75,0.5,0.75,4.31,0.0,0.0,5.37,0.0,0.0
100,20,0.75,0.5,1.0,6.03,0.0,0.0,7.09,0.0,0.0
100,20,0.75,0.5,1.5,8.73,0.0,0.0,9.54,0.0,0.0
100,20,0.75,1.0,0.75,4.31,1.15,0.95,6.42,3.4,3.9
100,20,0.75,1.0,1.0,6.03,1.15,1.04,7.95,3.7,3.9
100,20,0.75,1.0,1.5,8.73,1.15,1.12,10.28,3.9,3.9
100,20,0.75,1.5,0.75,4.31,2.06,1.41,7.42,4.3,5.5
100,20,0.75,1.5,1.0,6.03,2.06,1.62,8.94,4.7,5.5
100,20,0.75,1.5,1.5,8.73,2.06,1.91,11.2,5.2,5.5
100,20,1.0,0.5,0.75,2.75,0.0,0.0,3.49,0.0,0.0
100,20,1.0,0.5,1.0,4.31,0.0,0.0,5.07,0.0,0.0
100,20,1.0,0.5,1.5,6.78,0.0,0.0,7.53,0.0,0.0
100,20,1.0,1.0,0.75,2.75,0.35,0.33,4.45,1.7,1.7
100,20,1.0,1.0,1.0,4.31,0.35,0.34,5.95,1.7,1.7
100,20,1.0,1.0,1.5,6.78,0.35,0.35,8.22,1.7,1.7
100,20,1.0,1.5,0.75,2.75,1.46,0.98,5.17,3.4,4.5
100,20,1.0,1.5,1.0,4.31,1.46,1.1,6.69,3.8,4.5
100,20,1.0,1.5,1.5,6.78,1.46,1.31,8.87,4.2,4.5
100,20,1.5,0.5,0.75,1.36,0.0,0.0,1.71,0.0,0.0
100,20,1.5,0.5,1.0,2.3,0.0,0.0,2.68,0.0,0.0
100,20,1.5,0.5,1.5,4.31,0.0,0.0,4.82,0.0,0.0
100,20,1.5,1.0,0.75,1.36,0.0,0.0,2.13,0.0,0.0
100,20,1.5,1.0,1.0,2.3,0.0,0.0,3.21,0.0,0.0
100,20,1.5,1.0,1.5,4.31,0.0,0.0,5.37,0.0,0.0
100,20,1.5,1.5,0.75,1.36,0.35,0.3,2.72,1.6,1.7
100,20,1.5,1.5,1.0,2.3,0.35,0.33,3.81,1.7,1.7
100,20,1.5,1.5,1.5,4.31,0.35,0.34,5.95,1.7,1.7
100,40,0.75,0.5,0.75,4.31,0.0,0.0,5.07,0.0,0.0
100,40,0.75,0.5,1.0,6.03,0.0,0.0,6.83,0.0,0.0
100,40,0.75,0.5,1.5,8.73,0.0,0.0,9.36,0.0,0.0
100,40,0.75,1.0,0.75,4.31,0.35,0.34,5.95,1.7,1.7
100,40,0.75,1.0,1.0,6.03,0.35,0.35,7.54,1.7,1.7
100,40,0.75,1.0,1.5,8.73,0.35,0.35,9.9,1.7,1.7
100,40,0.75,1.5,0.75,4.31,1.46,1.1,6.69,3.8,4.5
100,40,0.75,1.5,1.0,6.03,1.46,1.25,8.19,4.1,4.5
100,40,0.75,1.5,1.5,8.73,1.46,1.4,10.48,4.4,4.5
100,40,1.0,0.5,0.75,2.75,0.0,0.0,3.26,0.0,0.0
100,40,1.0,0.5,1.0,4.31,0.0,0.0,4.89,0.0,0.0
100,40,1.0,0.5,1.5,6.78,0.0,0.0,7.34,0.0,0.0
100,40,1.0,1.0,0.75,2.75,0.0,0.0,3.96,0.0,0.0
100,40,1.0,1.0,1.0,4.31,0.0,0.0,5.55,0.0,0.0
100,40,1.0,1.0,1.5,6.78,0.0,0.0,7.9,0.0,0.0
100,40,1.0,1.5,0.75,2.75,0.69,0.58,4.62,2.5,2.8
100,40,1.0,1.5,1.0,4.31,0.69,0.63,6.12,2.6,2.8
100,40,1.0,1.5,1.5,6.78,0.69,0.68,8.39,2.7,2.8
100,40,1.5,0.5,0.75,1.36,0.0,0.0,1.64,0.0,0.0
100,40,1.5,0.5,1.0,2.3,0.0,0.0,2.58,0.0,0.0
100,40,1.5,0.5,1.5,4.31,0.0,0.0,4.67,0.0,0.0
100,40,1.5,1.0,0.75,1.36,0.0,0.0,1.89,0.0,0.0
100,40,1.5,1.0,1.0,2.3,0.0,0.0,2.94,0.0,0.0
100,40,1.5,1.0,1.5,4.31,0.0,0.0,5.07,0.0,0.0
100,40,1.5,1.5,0.75,1.36,0.0,0.0,2.28,0.0,0.0
100,40,1.5,1.5,1.0,2.3,0.0,0.0,3.35,0.0,0.0
100,40,1.5,1.5,1.5,4.31,0.0,0.0,5.55,0.0,0.0
150,10,0.75,0.5,0.75,4.31,0.8,0.72,6.18,2.9,3.1
150,10,0.75,0.5,1.0,6.03,0.8,0.77,7.76,3.0,3.1
150,10,0.75,0.5,1.5,8.73,0.8,0.8,10.08,3.1,3.1
150,10,0.75,1.0,0.75,4.31,2.27,1.5,7.99,4.4,5.8
150,10,0.75,1.0,1.0,6.03,2.27,1.75,9.47,4.9,5.8
150,10,0.75,1.0,1.5,8.73,2.27,2.07,11.68,5.5,5.8
150,10,0.75,1.5,0.75,4.31,3.0,1.73,10.25,4.7,7.4
150,10,0.75,1.5,1.0,6.03,3.0,2.07,11.33,5.3,7.4
150,10,0.75,1.5,1.5,8.73,3.0,2.49,12.94,6.1,7.4
150,10,1.0,0.5,0.75,2.75,0.1,0.1,4.22,0.6,0.6
150,10,1.0,0.5,1.0,4.31,0.1,0.1,5.77,0.6,0.6
150,10,1.0,0.5,1.5,6.78,0.1,0.1,8.07,0.6,0.6
150,10,1.0,1.0,0.75,2.75,1.81,1.11,5.54,3.7,5.1
150,10,1.0,1.0,1.0,4.31,1.81,1.28,7.03,4.1,5.1
150,10,1.0,1.0,1.5,6.78,1.81,1.55,9.2,4.6,5.1
150,10,1.0,1.5,0.75,2.75,2.4,1.26,7.12,4.0,6.0
150,10,1.0,1.5,1.0,4.31,2.4,1.55,8.51,4.5,6.0
150,10,1.0,1.5,1.5,6.78,2.4,1.95,10.61,5.2,6.0
150,10,1.5,0.5,0.75,1.36,0.0,0.0,2.01,0.0,0.0
150,10,1.5,0.5,1.0,2.3,0.0,0.0,3.08,0.0,0.0
150,10,1.5,0.5,1.5,4.31,0.0,0.0,5.24,0.0,0.0
150,10,1.5,1.0,0.75,1.36,0.8,0.55,2.98,2.4,3.1
150,10,1.5,1.0,1.0,2.3,0.8,0.66,4.13,2.7,3.1
150,10,1.5,1.0,1.5,4.31,0.8,0.72,6.18,2.9,3.1
150,10,1.5,1.5,0.75,1.36,1.81,0.82,3.75,3.0,5.1
150,10,1.5,1.5,1.0,2.3,1.81,1.05,4.98,3.6,5.1
150,10,1.5,1.5,1.5,4.31,1.81,1.28,7.03,4.1,5.1
150,20,0.75,0.5,0.75,4.31,0.57,0.53,6.06,2.3,2.5
150,20,0.75,0.5,1.0,6.03,0.57,0.55,7.64,2.4,2.5
150,20,0.75,0.5,1.5,8.73,0.57,0.56,9.98,2.4,2.5
150,20,0.75,1.0,0.75,4.31,2.18,1.47,7.69,4.4,5.7
150,20,0.75,1.0,1.0,6.03,2.18,1.69,9.19,4.8,5.7
150,20,0.75,1.0,1.5,8.73,2.18,2.0,11.43,5.4,5.7
150,20,0.75,1.5,0.75,4.31,2.68,1.66,9.78,4.6,6.3
150,20,0.75,1.5,1.0,6.03,2.68,1.97,11.06,5.2,6.3
150,20,0.75,1.5,1.5,8.73,2.68,2.36,12.73,5.9,6.3
150,20,1.0,0.5,0.75,2.75,0.0,0.0,4.11,0.0,0.0
150,20,1.0,0.5,1.0,4.31,0.0,0.0,5.65,0.0,0.0
150,20,1.0,0.5,1.5,6.78,0.0,0.0,7.99,0.0,0.0
150,20,1.0,1.0,0.75,2.75,1.65,1.05,5.33,3.6,4.8
150,20,1.0,1.0,1.0,4.31,1.65,1.2,6.85,3.9,4.8
150,20,1.0,1.0,1.5,6.78,1.65,1.43,9.05,4.4,4.8
150,20,1.0,1.5,0.75,2.75,2.32,1.25,6.7,3.9,5.9
150,20,1.0,1.5,1.0,4.31,2.32,1.52,8.17,4.5,5.9
150,20,1.0,1.5,1.5,6.78,2.32,1.9,10.27,5.2,5.9
150,20,1.5,0.5,0.75,1.36,0.0,0.0,1.95,0.0,0.0
150,20,1.5,0.5,1.0,2.3,0.0,0.0,2.99,0.0,0.0
150,20,1.5,0.5,1.5,4.31,0.0,0.0,5.17,0.0,0.0
150,20,1.5,1.0,0.75,1.36,0.57,0.43,2.85,2.0,2.5
150,20,1.5,1.0,1.0,2.3,0.57,0.49,3.98,2.2,2.5
150,20,1.5,1.0,1.5,4.31,0.57,0.53,6.06,2.3,2.5
150,20,1.5,1.5,0.75,1.36,1.65,0.8,3.59,3.0,4.8
150,20,1.5,1.5,1.0,2.3,1.65,1.0,4.79,3.5,4.8
150,20,1.5,1.5,1.5,4.31,1.65,1.2,6.85,3.9,4.8
150,40,0.75,0.5,0.75,4.31,0.2,0.2,5.84,1.1,1.1
150,40,0.75,0.5,1.0,6.03,0.2,0.2,7.43,1.1,1.1
150,40,0.75,0.5,1.5,8.73,0.2,0.2,9.81,1.1,1.1
150,40,0.75,1.0,0.75,4.31,1.9,1.33,7.17,4.2,5.3
150,40,0.75,1.0,1.0,6.03,1.9,1.52,8.68,4.5,5.3
150,40,0.75,1.0,1.5,8.73,1.9,1.77,10.94,5.0,5.3
150,40,0.75,1.5,0.75,4.31,2.45,1.57,8.77,4.5,6.1
150,40,0.75,1.5,1.0,6.03,2.45,1.84,10.21,5.0,6.1
150,40,0.75,1.5,1.5,8.73,2.45,2.21,12.23,5.7,6.1
150,40,1.0,0.5,0.75,2.75,0.0,0.0,3.82,0.0,0.0
150,40,1.0,0.5,1.0,4.31,0.0,0.0,5.41,0.0,0.0
150,40,1.0,0.5,1.5,6.78,0.0,0.0,7.8,0.0,0.0
150,40,1.0,1.0,0.75,2.75,1.24,0.88,4.99,3.3,4.1
150,40,1.0,1.0,1.0,4.31,1.24,0.99,6.49,3.5,4.1
150,40,1.0,1.0,1.5,6.78,1.24,1.13,8.7,3.9,4.1
150,40,1.0,1.5,0.75,2.75,2.11,1.21,6.06,3.9,5.6
150,40,1.0,1.5,1.0,4.31,2.11,1.43,7.52,4.3,5.6
150,40,1.0,1.5,1.5,6.78,2.11,1.76,9.64,4.9,5.6
150,40,1.5,0.5,0.75,1.36,0.0,0.0,1.84,0.0,0.0
150,40,1.5,0.5,1.0,2.3,0.0,0.0,2.87,0.0,0.0
150,40,1.5,0.5,1.5,4.31,0.0,0.0,5.01,0.0,0.0
150,40,1.5,1.0,0.75,1.36,0.2,0.19,2.56,1.1,1.1
150,40,1.5,1.0,1.0,2.3,0.2,0.2,3.67,1.1,1.1
150,40,1.5,1.0,1.5,4.31,0.2,0.2,5.84,1.1,1.1
150,40,1.5,1.5,0.75,1.36,1.24,0.69,3.28,2.8,4.1
150,40,1.5,1.5,1.0,2.3,1.24,0.85,4.43,3.2,4.1
150,40,1.5,1.5,1.5,4.31,1.24,0.99,6.49,3.5,4.1
250,10,0.75,0.5,0.75,4.31,2.06,1.41,7.42,4.3,5.5
250,10,0.75,0.5,1.0,6.03,2.06,1.62,8.94,4.7,5.5
250,10,0.75,0.5,1.5,8.73,2.06,1.91,11.2,5.2,5.5
250,10,0.75,1.0,0.75,4.31,4.52,1.99,10.92,5.1,10.5
250,10,0.75,1.0,1.0,6.03,4.52,2.51,11.88,6.1,10.5
250,10,0.75,1.0,1.5,8.73,4.52,3.26,13.29,7.4,10.5
250,10,0.75,1.5,0.75,4.31,8.76,2.88,12.56,6.2,15.8
250,10,0.75,1.5,1.0,6.03,8.76,3.91,13.23,7.8,15.8
250,10,0.75,1.5,1.5,8.73,8.76,5.44,14.24,10.2,15.8
250,10,1.0,0.5,0.75,2.75,1.46,0.98,5.17,3.4,4.5
250,10,1.0,0.5,1.0,4.31,1.46,1.1,6.69,3.8,4.5
250,10,1.0,0.5,1.5,6.78,1.46,1.31,8.87,4.2,4.5
250,10,1.0,1.0,0.75,2.75,2.57,1.32,8.02,4.0,6.2
250,10,1.0,1.0,1.0,4.31,2.57,1.62,9.29,4.6,6.2
250,10,1.0,1.0,1.5,6.78,2.57,2.05,11.2,5.3,6.2
250,10,1.0,1.5,0.75,2.75,5.94,1.69,10.61,4.5,12.6
250,10,1.0,1.5,1.0,4.31,5.94,2.32,11.44,5.6,12.6
250,10,1.0,1.5,1.5,6.78,5.94,3.35,12.68,7.3,12.6
250,10,1.5,0.5,0.75,1.36,0.35,0.3,2.72,1.6,1.7
250,10,1.5,0.5,1.0,2.3,0.35,0.33,3.81,1.7,1.7
250,10,1.5,0.5,1.5,4.31,0.35,0.34,5.95,1.7,1.7
250,10,1.5,1.0,0.75,1.36,2.06,0.86,4.1,3.1,5.5
250,10,1.5,1.0,1.0,2.3,2.06,1.12,5.33,3.7,5.5
250,10,1.5,1.0,1.5,4.31,2.06,1.41,7.42,4.3,5.5
250,10,1.5,1.5,0.75,1.36,2.57,0.9,6.07,3.2,6.2
250,10,1.5,1.5,1.0,2.3,2.57,1.22,7.47,3.8,6.2
250,10,1.5,1.5,1.5,4.31,2.57,1.62,9.29,4.6,6.2
250,20,0.75,0.5,0.75,4.31,1.99,1.37,7.28,4.2,5.4
250,20,0.75,0.5,1.0,6.03,1.99,1.58,8.83,4.6,5.4
250,20,0.75,0.5,1.5,8.73,1.99,1.85,11.08,5.2,5.4
250,20,0.75,1.0,0.75,4.31,3.94,1.88,10.73,4.9,9.5
250,20,0.75,1.0,1.0,6.03,3.94,2.33,11.72,5.8,9.5
250,20,0.75,1.0,1.5,8.73,3.94,2.95,13.2,6.9,9.5
250,20,0.75,1.5,0.75,4.31,8.46,2.82,12.41,6.1,15.5
250,20,0.75,1.5,1.0,6.03,8.46,3.82,13.1,7.7,15.5
250,20,0.75,1.5,1.5,8.73,8.46,5.31,14.14,10.0,15.5
250,20,1.0,0.5,0.75,2.75,1.35,0.93,5.09,3.4,4.3
250,20,1.0,0.5,1.0,4.31,1.35,1.04,6.59,3.7,4.3
250,20,1.0,0.5,1.5,6.78,1.35,1.22,8.79,4.1,4.3
250,20,1.0,1.0,0.75,2.75,2.51,1.29,7.72,4.0,6.1
250,20,1.0,1.0,1.0,4.31,2.51,1.59,9.03,4.6,6.1
250,20,1.0,1.0,1.5,6.78,2.51,2.01,11.03,5.3,6.1
250,20,1.0,1.5,0.75,2.75,5.43,1.65,10.38,4.4,11.9
250,20,1.0,1.5,1.0,4.31,5.43,2.21,11.26,5.4,11.9
250,20,1.0,1.5,1.5,6.78,5.43,3.14,12.54,7.1,11.9
250,20,1.5,0.5,0.75,1.36,0.25,0.24,2.64,1.3,1.3
250,20,1.5,0.5,1.0,2.3,0.25,0.24,3.74,1.3,1.3
250,20,1.5,0.5,1.5,4.31,0.25,0.25,5.9,1.3,1.3
250,20,1.5,1.0,0.75,1.36,1.99,0.85,3.96,3.1,5.4
250,20,1.5,1.0,1.0,2.3,1.99,1.11,5.22,3.7,5.4
250,20,1.5,1.0,1.5,4.31,1.99,1.37,7.28,4.2,5.4
250,20,1.5,1.5,0.75,1.36,2.51,0.89,5.74,3.2,6.1
250,20,1.5,1.5,1.0,2.3,2.51,1.2,7.13,3.8,6.1
250,20,1.5,1.5,1.5,4.31,2.51,1.59,9.03,4.6,6.1
250,40,0.75,0.5,0.75,4.31,1.81,1.28,7.03,4.1,5.1
250,40,0.75,0.5,1.0,6.03,1.81,1.46,8.55,4.5,5.1
250,40,0.75,0.5,1.5,8.73,1.81,1.7,10.82,4.9,5.1
250,40,0.75,1.0,0.75,4.31,3.0,1.73,10.25,4.7,7.4
250,40,0.75,1.0,1.0,6.03,3.0,2.07,11.33,5.3,7.4
250,40,0.75,1.0,1.5,8.73,3.0,2.49,12.94,6.1,7.4
250,40,0.75,1.5,0.75,4.31,7.7,2.67,12.05,6.0,14.7
250,40,0.75,1.5,1.0,6.03,7.7,3.59,12.8,7.5,14.7
250,40,0.75,1.5,1.5,8.73,7.7,4.94,13.93,9.6,14.7
250,40,1.0,0.5,0.75,2.75,1.12,0.83,4.87,3.1,3.8
250,40,1.0,0.5,1.0,4.31,1.12,0.92,6.4,3.4,3.8
250,40,1.0,0.5,1.5,6.78,1.12,1.04,8.63,3.7,3.8
250,40,1.0,1.0,0.75,2.75,2.4,1.26,7.12,4.0,6.0
250,40,1.0,1.0,1.0,4.31,2.4,1.55,8.51,4.5,6.0
250,40,1.0,1.0,1.5,6.78,2.4,1.95,10.61,5.2,6.0
250,40,1.0,1.5,0.75,2.75,4.27,1.48,9.88,4.2,10.1
250,40,1.0,1.5,1.0,4.31,4.27,1.92,10.84,5.0,10.1
250,40,1.0,1.5,1.5,6.78,4.27,2.63,12.24,6.3,10.1
250,40,1.5,0.5,0.75,1.36,0.1,0.1,2.49,0.6,0.6
250,40,1.5,0.5,1.0,2.3,0.1,0.1,3.57,0.6,0.6
250,40,1.5,0.5,1.5,4.31,0.1,0.1,5.77,0.6,0.6
250,40,1.5,1.0,0.75,1.36,1.81,0.82,3.75,3.0,5.1
250,40,1.5,1.0,1.0,2.3,1.81,1.05,4.98,3.6,5.1
250,40,1.5,1.0,1.5,4.31,1.81,1.28,7.03,4.1,5.1
250,40,1.5,1.5,0.75,1.36,2.4,0.88,5.16,3.2,6.0
250,40,1.5,1.5,1.0,2.3,2.4,1.17,6.53,3.8,6.0
250,40,1.5,1.5,1.5,4.31,2.4,1.55,8.51,4.5,6.0
