scenario,allocation,envelope,ha_Mha,farms_M,value_prod_Musd,cdr_Mt
baseline,targeted,private,8.22,6.51,8589.7,47.86
baseline,targeted,public,2.23,1.61,1679.8,25.02
baseline,targeted,intersection,1.85,1.25,1486.5,22.23
solar_-25pct,targeted,private,9.28,7.21,9320.2,51.9
solar_-25pct,targeted,public,2.38,1.71,1807.4,26.08
solar_-25pct,targeted,intersection,1.98,1.34,1604.8,23.18
solar_-40pct,targeted,private,10.1,7.75,9796.7,54.83
solar_-40pct,targeted,public,2.5,1.79,1875.3,26.84
solar_-40pct,targeted,intersection,2.07,1.4,1669.7,23.84
baseline,uniform_20,private,7.98,6.4,8965.8,30.12
baseline,uniform_20,public,3.51,2.64,2745.9,17.79
baseline,uniform_20,intersection,1.97,1.34,1668.6,10.68
solar_-25pct,uniform_20,private,8.92,7.04,9995.7,33.44
solar_-25pct,uniform_20,public,3.79,2.85,3011.1,19.25
solar_-25pct,uniform_20,intersection,2.12,1.45,1803.2,11.41
solar_-40pct,uniform_20,private,9.67,7.54,10837.6,36.19
solar_-40pct,uniform_20,public,3.98,2.97,3148.8,20.2
solar_-40pct,uniform_20,intersection,2.21,1.51,1884.6,11.9
