study_id,site,crop,country,year,rate_t_ha,grain_size_um,pH_baseline,MAT_C,MAP_mm,duration_yr,log_y_ratio,se_log_y_ratio,n_reps,citation,confidence,notes
kanyenga2024_y1,Kisumu,MAIZ,KEN,2024,20,100,6.4,22,1300,1,0.536,0.090,56,"Flux × UNCCD pilot 2024 (preprint)",medium,"Y1 of 2-yr smallholder trial; ratio ~1.71; grain size assumed (not explicit in preprint)"
kanyenga2024_y2,Kisumu,MAIZ,KEN,2024,20,100,6.4,22,1300,2,0.583,0.110,56,"Flux × UNCCD pilot 2024 (preprint)",medium,"Y2 with no further application; ratio ~1.79"
kantola2024_corn,Champaign IL,MAIZ,USA,2024,50,50,6.0,11,1000,4,0.131,0.040,12,"Kantola et al. 2024 PNAS",high,"4-yr cumulative annual application; corn +12-16% reported"
kantola2024_soy,Champaign IL,SOYB,USA,2024,50,50,6.0,11,1000,4,0.140,0.045,12,"Kantola et al. 2024 PNAS",high,"Same trial as kantola2024_corn for soy phase"
kelland2020,Sheffield UK,SORG,GBR,2020,10,40,6.5,9,700,1,0.190,0.070,4,"Kelland et al. 2020 Glob. Change Biol.",high,"Sorghum mesocosm; basalt amendment vs control"
beerling2024_oats,Newcastle,BARL,GBR,2024,16,100,6.5,9,700,1,0.140,0.060,6,"Skov et al. 2024 (Newcastle group, press)",medium,"Spring oats analogue — using BARL crop class as nearest SPAM match"
amann2025_grape,Lausanne CH,COTT,CHE,2025,5,100,7.5,10,900,3,0.005,0.050,8,"Amann et al. 2025 ES&T",high,"Vineyard trial; near-zero yield effect (alkaline soils, cool dry); using COTT as a 'perennial/row' analogue"
inplanet2024_soy,Cerrado MG,SOYB,BRA,2024,15,80,5.0,24,1500,1,0.180,0.080,10,"InPlanet 2024 (Isometric-verified credits, public report)",low,"Reconstructed from credit-issuance documents; soy phase"
inplanet2024_cof,Cerrado MG,RCOF,BRA,2024,20,80,5.0,24,1500,2,0.220,0.090,8,"InPlanet 2024 (public summary)",low,"Coffee plot; rates and yield uplift approximate"
vienne2022,Greenhouse FR,POTA,FRA,2022,40,20,6.0,12,800,1,0.080,0.060,6,"Vienne et al. 2022 Front. Climate",high,"Mesocosm potato (Solanum tuberosum); fine-ground basalt; small positive effect"
goll2024_mai,Pot study,MAIZ,DEU,2024,30,30,5.5,10,800,1,0.155,0.075,4,"Goll et al. 2024 (pot exp.)",medium,"Greenhouse pot trial; finely-ground basalt; assumed conditions"
buss2024_wheat,Plot study UK,WHEA,GBR,2024,15,80,6.5,10,800,1,0.105,0.055,5,"Buss et al. 2024 working paper",low,"Field plot trial; modest uplift; details to verify"
levy2024_cassava,Volcanic NG,CASS,NGA,2024,25,150,5.5,26,1400,1,0.250,0.110,4,"Levy et al. 2024 (field pilot, preprint)",low,"Cassava in volcanic-influenced soil; reconstructed; HIGH uncertainty — verify before relying"
beerling2018_baseline,Various pot,MAIZ,GBR,2018,10,50,6.0,10,800,1,0.090,0.050,8,"Beerling et al. 2018 Nat. Plants",medium,"Pot-scale; baseline temperate maize response"
