"regime","allocation","iso3","gm_musd","cdr_mt","profitable_mha"
"year1","targeted","AGO",2695.63,6.696,1.019
"year1","targeted","BDI",1257.79,2.109,0.502
"year1","targeted","BEN",-5.5,0.062,0.008
"year1","targeted","BFA",-0.08,0,0
"year1","targeted","BWA",0,0,0
"year1","targeted","CAF",101.45,0.859,0.084
"year1","targeted","CIV",62.06,5.25,0.179
"year1","targeted","CMR",6951.22,17.56,1.136
"year1","targeted","COD",1537.55,8.917,1.093
"year1","targeted","COG",108.66,0.411,0.064
"year1","targeted","DJI",0,0,0
"year1","targeted","ERI",0,0,0
"year1","targeted","ETH",755.93,5.271,0.674
"year1","targeted","GAB",139.9,0.411,0.057
"year1","targeted","GHA",-106.7,2.107,0.065
"year1","targeted","GIN",1393.5,3.974,0.597
"year1","targeted","GMB",0,0,0
"year1","targeted","GNB",16.12,0.106,0.029
"year1","targeted","GNQ",63.86,0.196,0.021
"year1","targeted","KEN",-473.77,3.103,0.055
"year1","targeted","LBR",24.99,0.439,0.028
"year1","targeted","LSO",-2.91,0.013,0.001
"year1","targeted","MDG",154.55,0.813,0.187
"year1","targeted","MLI",4.9,0.005,0.019
"year1","targeted","MOZ",-108.22,0.407,0.052
"year1","targeted","MRT",0,0,0
"year1","targeted","MWI",6.32,0.057,0.031
"year1","targeted","NAM",0,0,0
"year1","targeted","NER",-0.09,0,0
"year1","targeted","NGA",1276.8,8.688,1.439
"year1","targeted","RWA",1557.05,3.121,0.732
"year1","targeted","SDN",0,0,0
"year1","targeted","SEN",-0.41,0.003,0.004
"year1","targeted","SLE",301.47,1.526,0.209
"year1","targeted","SOM",0,0,0
"year1","targeted","SSD",-77.78,0.536,0.02
"year1","targeted","SWZ",7.55,0.024,0.018
"year1","targeted","TCD",-0.05,0,0
"year1","targeted","TGO",-40.1,0.725,0.022
"year1","targeted","TZA",290.89,1.836,0.496
"year1","targeted","UGA",-69.97,5.351,0.607
"year1","targeted","ZAF",163.68,0.051,0.119
"year1","targeted","ZMB",458.18,0.635,0.324
"year1","targeted","ZWE",-4.87,0.015,0.005
"npv","targeted","AGO",-751.58,6.696,0.413
"npv","targeted","BDI",154.63,2.109,0.275
"npv","targeted","BEN",-13.74,0.062,0
"npv","targeted","BFA",-0.21,0,0
"npv","targeted","BWA",0,0,0
"npv","targeted","CAF",-70.83,0.859,0.02
"npv","targeted","CIV",-570.09,5.25,0.029
"npv","targeted","CMR",3313.11,17.56,0.843
"npv","targeted","COD",-611.48,8.917,0.294
"npv","targeted","COG",-7.99,0.411,0.022
"npv","targeted","DJI",0,0,0
"npv","targeted","ERI",0,0,0
"npv","targeted","ETH",297.15,5.271,0.654
"npv","targeted","GAB",12.61,0.411,0.017
"npv","targeted","GHA",-347.54,2.107,0.001
"npv","targeted","GIN",567.24,3.974,0.561
"npv","targeted","GMB",0,0,0
"npv","targeted","GNB",-1.99,0.106,0.016
"npv","targeted","GNQ",-1.17,0.196,0.009
"npv","targeted","KEN",-924.68,3.103,0.011
"npv","targeted","LBR",-37.32,0.439,0.005
"npv","targeted","LSO",-4.92,0.013,0
"npv","targeted","MDG",-1.27,0.813,0.1
"npv","targeted","MLI",-2.94,0.005,0.001
"npv","targeted","MOZ",-215.13,0.407,0.006
"npv","targeted","MRT",0,0,0
"npv","targeted","MWI",-7.95,0.057,0.005
"npv","targeted","NAM",0,0,0
"npv","targeted","NER",-0.24,0,0
"npv","targeted","NGA",-453.21,8.688,0.259
"npv","targeted","RWA",369.48,3.121,0.418
"npv","targeted","SDN",0,0,0
"npv","targeted","SEN",-1.56,0.003,0
"npv","targeted","SLE",41.2,1.526,0.112
"npv","targeted","SOM",0,0,0
"npv","targeted","SSD",-155.44,0.536,0.006
"npv","targeted","SWZ",0.59,0.024,0.005
"npv","targeted","TCD",-0.08,0,0
"npv","targeted","TGO",-137.98,0.725,0.001
"npv","targeted","TZA",-411.49,1.836,0.137
"npv","targeted","UGA",-1087.04,5.351,0.092
"npv","targeted","ZAF",24.08,0.051,0.072
"npv","targeted","ZMB",-60.5,0.635,0.055
"npv","targeted","ZWE",-8.43,0.015,0
"equilibrium","targeted","AGO",240.34,2.166,0.779
"equilibrium","targeted","BDI",195.99,0.638,0.37
"equilibrium","targeted","BEN",-3.1,0.019,0
"equilibrium","targeted","BFA",-0.17,0,0
"equilibrium","targeted","BWA",0,0,0
"equilibrium","targeted","CAF",4.91,0.248,0.059
"equilibrium","targeted","CIV",-168.89,2.368,0.06
"equilibrium","targeted","CMR",1338.48,4.189,0.957
"equilibrium","targeted","COD",51.93,3.271,0.627
"equilibrium","targeted","COG",12.51,0.142,0.047
"equilibrium","targeted","DJI",0,0,0
"equilibrium","targeted","ERI",0,0,0
"equilibrium","targeted","ETH",168.26,1.483,0.672
"equilibrium","targeted","GAB",19.39,0.148,0.029
"equilibrium","targeted","GHA",-112.2,0.968,0.009
"equilibrium","targeted","GIN",297.74,1.286,0.587
"equilibrium","targeted","GMB",0,0,0
"equilibrium","targeted","GNB",2.01,0.048,0.023
"equilibrium","targeted","GNQ",6.33,0.089,0.011
"equilibrium","targeted","KEN",-194.26,0.878,0.05
"equilibrium","targeted","LBR",-7.23,0.181,0.012
"equilibrium","targeted","LSO",-1.3,0.004,0
"equilibrium","targeted","MDG",21.13,0.341,0.15
"equilibrium","targeted","MLI",-0.87,0.002,0.005
"equilibrium","targeted","MOZ",-48.45,0.139,0.016
"equilibrium","targeted","MRT",0,0,0
"equilibrium","targeted","MWI",-2.28,0.027,0.012
"equilibrium","targeted","NAM",0,0,0
"equilibrium","targeted","NER",-0.23,0,0
"equilibrium","targeted","NGA",59.59,3.481,0.849
"equilibrium","targeted","RWA",283.99,0.917,0.6
"equilibrium","targeted","SDN",0,0,0
"equilibrium","targeted","SEN",-0.62,0.001,0
"equilibrium","targeted","SLE",51.51,0.482,0.168
"equilibrium","targeted","SOM",0,0,0
"equilibrium","targeted","SSD",-45.8,0.195,0.016
"equilibrium","targeted","SWZ",1.09,0.011,0.011
"equilibrium","targeted","TCD",-0.04,0,0
"equilibrium","targeted","TGO",-28.66,0.231,0.011
"equilibrium","targeted","TZA",-67.06,0.655,0.252
"equilibrium","targeted","UGA",-157.59,1.575,0.307
"equilibrium","targeted","ZAF",25.24,0.025,0.093
"equilibrium","targeted","ZMB",27.36,0.263,0.123
"equilibrium","targeted","ZWE",-3.75,0.007,0.001
"year1","uniform_10","AGO",4040,3.035,1.386
"year1","uniform_10","BDI",1511.81,0.99,0.56
"year1","uniform_10","BEN",-47.47,1.433,0.01
"year1","uniform_10","BFA",-9.17,1.11,0
"year1","uniform_10","BWA",-0.41,0.001,0
"year1","uniform_10","CAF",153.54,0.921,0.116
"year1","uniform_10","CIV",287.64,6.431,0.481
"year1","uniform_10","CMR",6365.4,5.939,1.283
"year1","uniform_10","COD",2137.81,8.741,1.522
"year1","uniform_10","COG",129.54,0.448,0.081
"year1","uniform_10","DJI",0,0,0
"year1","uniform_10","ERI",-0.02,0.025,0
"year1","uniform_10","ETH",672.2,8.681,1.375
"year1","uniform_10","GAB",170.9,0.198,0.057
"year1","uniform_10","GHA",-264.38,6.387,0.251
"year1","uniform_10","GIN",1328.53,3.004,0.783
"year1","uniform_10","GMB",-12.61,0.04,0
"year1","uniform_10","GNB",12.04,0.262,0.035
"year1","uniform_10","GNQ",77.97,0.09,0.027
"year1","uniform_10","KEN",-341.95,2.899,0.373
"year1","uniform_10","LBR",55.3,0.374,0.04
"year1","uniform_10","LSO",-8.46,0.06,0.006
"year1","uniform_10","MDG",142.32,1.807,0.281
"year1","uniform_10","MLI",-19.9,1.814,0.017
"year1","uniform_10","MOZ",-122.64,4.781,0.148
"year1","uniform_10","MRT",-0.14,0,0
"year1","uniform_10","MWI",-116.96,2.949,0.036
"year1","uniform_10","NAM",-1.66,0.004,0
"year1","uniform_10","NER",-17.84,0.011,0
"year1","uniform_10","NGA",1254.71,24.339,1.846
"year1","uniform_10","RWA",1714.47,1.67,0.799
"year1","uniform_10","SDN",-3.03,0.365,0
"year1","uniform_10","SEN",-58.93,0.293,0
"year1","uniform_10","SLE",322.52,1.76,0.269
"year1","uniform_10","SOM",0,0,0
"year1","uniform_10","SSD",-41.94,0.825,0.03
"year1","uniform_10","SWZ",5.13,0.1,0.015
"year1","uniform_10","TCD",-11.83,0.404,0
"year1","uniform_10","TGO",-24.31,1.534,0.095
"year1","uniform_10","TZA",-217.37,4.357,0.626
"year1","uniform_10","UGA",442.55,5.56,1.08
"year1","uniform_10","ZAF",144.08,0.787,0.191
"year1","uniform_10","ZMB",429.68,1.038,0.297
"year1","uniform_10","ZWE",-126.86,0.246,0.005
"npv","uniform_10","AGO",-355.84,3.035,0.713
"npv","uniform_10","BDI",62.44,0.99,0.302
"npv","uniform_10","BEN",-62.37,1.433,0
"npv","uniform_10","BFA",-9.64,1.11,0
"npv","uniform_10","BWA",-0.42,0.001,0
"npv","uniform_10","CAF",-91.49,0.921,0.036
"npv","uniform_10","CIV",-472.18,6.431,0.082
"npv","uniform_10","CMR",877.28,5.939,0.976
"npv","uniform_10","COD",-605.31,8.741,0.45
"npv","uniform_10","COG",-24.7,0.448,0.028
"npv","uniform_10","DJI",0,0,0
"npv","uniform_10","ERI",-0.02,0.025,0
"npv","uniform_10","ETH",115.73,8.681,1.101
"npv","uniform_10","GAB",7.85,0.198,0.027
"npv","uniform_10","GHA",-595.11,6.387,0.01
"npv","uniform_10","GIN",245.09,3.004,0.698
"npv","uniform_10","GMB",-12.86,0.04,0
"npv","uniform_10","GNB",-11.44,0.262,0.014
"npv","uniform_10","GNQ",2.45,0.09,0.01
"npv","uniform_10","KEN",-936.31,2.899,0.027
"npv","uniform_10","LBR",-19.29,0.374,0.014
"npv","uniform_10","LSO",-11.85,0.06,0
"npv","uniform_10","MDG",-62.62,1.807,0.132
"npv","uniform_10","MLI",-31.01,1.814,0
"npv","uniform_10","MOZ",-300.92,4.781,0.014
"npv","uniform_10","MRT",-0.14,0,0
"npv","uniform_10","MWI",-159.37,2.949,0.005
"npv","uniform_10","NAM",-1.75,0.004,0
"npv","uniform_10","NER",-18.11,0.011,0
"npv","uniform_10","NGA",-919.13,24.339,0.57
"npv","uniform_10","RWA",153.7,1.67,0.473
"npv","uniform_10","SDN",-3.06,0.365,0
"npv","uniform_10","SEN",-61.3,0.293,0
"npv","uniform_10","SLE",-15.8,1.76,0.131
"npv","uniform_10","SOM",0,0,0
"npv","uniform_10","SSD",-140.1,0.825,0.01
"npv","uniform_10","SWZ",-3.54,0.1,0.005
"npv","uniform_10","TCD",-12.1,0.404,0
"npv","uniform_10","TGO",-151.56,1.534,0.009
"npv","uniform_10","TZA",-1165.83,4.357,0.159
"npv","uniform_10","UGA",-904.83,5.56,0.168
"npv","uniform_10","ZAF",-58.41,0.787,0.054
"npv","uniform_10","ZMB",-218.3,1.038,0.079
"npv","uniform_10","ZWE",-134.04,0.246,0.001
"equilibrium","uniform_10","AGO",-189.19,3.035,0.791
"equilibrium","uniform_10","BDI",118.04,0.99,0.336
"equilibrium","uniform_10","BEN",-58.04,1.433,0
"equilibrium","uniform_10","BFA",-9.41,1.11,0
"equilibrium","uniform_10","BWA",-0.42,0.001,0
"equilibrium","uniform_10","CAF",-70,0.921,0.042
"equilibrium","uniform_10","CIV",-372.78,6.431,0.108
"equilibrium","uniform_10","CMR",1118.52,5.939,1.051
"equilibrium","uniform_10","COD",-393.16,8.741,0.605
"equilibrium","uniform_10","COG",-13.56,0.448,0.035
"equilibrium","uniform_10","DJI",0,0,0
"equilibrium","uniform_10","ERI",-0.02,0.025,0
"equilibrium","uniform_10","ETH",207.52,8.681,1.331
"equilibrium","uniform_10","GAB",16.01,0.198,0.03
"equilibrium","uniform_10","GHA",-503.94,6.387,0.016
"equilibrium","uniform_10","GIN",329.9,3.004,0.759
"equilibrium","uniform_10","GMB",-12.76,0.04,0
"equilibrium","uniform_10","GNB",-6.46,0.262,0.022
"equilibrium","uniform_10","GNQ",6.46,0.09,0.011
"equilibrium","uniform_10","KEN",-873.52,2.899,0.046
"equilibrium","uniform_10","LBR",-11.5,0.374,0.018
"equilibrium","uniform_10","LSO",-11.04,0.06,0
"equilibrium","uniform_10","MDG",-29.15,1.807,0.192
"equilibrium","uniform_10","MLI",-29.94,1.814,0.001
"equilibrium","uniform_10","MOZ",-273.33,4.781,0.03
"equilibrium","uniform_10","MRT",-0.14,0,0
"equilibrium","uniform_10","MWI",-144.75,2.949,0.011
"equilibrium","uniform_10","NAM",-1.73,0.004,0
"equilibrium","uniform_10","NER",-18.11,0.011,0
"equilibrium","uniform_10","NGA",-641.69,24.339,0.835
"equilibrium","uniform_10","RWA",224.39,1.67,0.574
"equilibrium","uniform_10","SDN",-3.06,0.365,0
"equilibrium","uniform_10","SEN",-60.8,0.293,0
"equilibrium","uniform_10","SLE",20.24,1.76,0.192
"equilibrium","uniform_10","SOM",0,0,0
"equilibrium","uniform_10","SSD",-128.04,0.825,0.012
"equilibrium","uniform_10","SWZ",-2.35,0.1,0.007
"equilibrium","uniform_10","TCD",-12.06,0.404,0
"equilibrium","uniform_10","TGO",-134.6,1.534,0.015
"equilibrium","uniform_10","TZA",-1086.5,4.357,0.193
"equilibrium","uniform_10","UGA",-779.92,5.56,0.234
"equilibrium","uniform_10","ZAF",-48.72,0.787,0.068
"equilibrium","uniform_10","ZMB",-188.49,1.038,0.096
"equilibrium","uniform_10","ZWE",-132.3,0.246,0.001
"year1","uniform_20","AGO",2793.51,6.07,1.152
"year1","uniform_20","BDI",1281.41,1.98,0.48
"year1","uniform_20","BEN",-108.15,2.865,0.005
"year1","uniform_20","BFA",-18.63,2.22,0
"year1","uniform_20","BWA",-0.84,0.002,0
"year1","uniform_20","CAF",27.65,1.842,0.08
"year1","uniform_20","CIV",-250.25,12.862,0.313
"year1","uniform_20","CMR",6172.2,11.878,1.184
"year1","uniform_20","COD",1111.91,17.481,1.085
"year1","uniform_20","COG",80.21,0.896,0.062
"year1","uniform_20","DJI",0,0,0
"year1","uniform_20","ERI",-0.04,0.05,0
"year1","uniform_20","ETH",763.56,17.363,1.349
"year1","uniform_20","GAB",148.19,0.396,0.048
"year1","uniform_20","GHA",-828.21,12.774,0.11
"year1","uniform_20","GIN",1408.77,6.008,0.772
"year1","uniform_20","GMB",-25.4,0.081,0
"year1","uniform_20","GNB",0.96,0.523,0.029
"year1","uniform_20","GNQ",66.55,0.18,0.021
"year1","uniform_20","KEN",-1348.36,5.797,0.189
"year1","uniform_20","LBR",27.1,0.748,0.03
"year1","uniform_20","LSO",-20.15,0.119,0.002
"year1","uniform_20","MDG",70.3,3.614,0.242
"year1","uniform_20","MLI",-52.35,3.628,0.007
"year1","uniform_20","MOZ",-433.64,9.563,0.081
"year1","uniform_20","MRT",-0.27,0,0
"year1","uniform_20","MWI",-268.66,5.897,0.015
"year1","uniform_20","NAM",-3.4,0.007,0
"year1","uniform_20","NER",-36.01,0.023,0
"year1","uniform_20","NGA",138.92,48.678,1.421
"year1","uniform_20","RWA",1566.33,3.34,0.709
"year1","uniform_20","SDN",-6.09,0.729,0
"year1","uniform_20","SEN",-120.21,0.585,0
"year1","uniform_20","SLE",267.19,3.521,0.239
"year1","uniform_20","SOM",-0.01,0,0
"year1","uniform_20","SSD",-191.5,1.65,0.022
"year1","uniform_20","SWZ",0.92,0.2,0.01
"year1","uniform_20","TCD",-23.95,0.808,0
"year1","uniform_20","TGO",-186.48,3.067,0.056
"year1","uniform_20","TZA",-1521.15,8.715,0.394
"year1","uniform_20","UGA",-642.99,11.12,0.668
"year1","uniform_20","ZAF",47.16,1.574,0.138
"year1","uniform_20","ZMB",86.65,2.075,0.215
"year1","uniform_20","ZWE",-260.52,0.491,0.003
"npv","uniform_20","AGO",-1672.85,6.07,0.299
"npv","uniform_20","BDI",-191.89,1.98,0.206
"npv","uniform_20","BEN",-127.14,2.865,0
"npv","uniform_20","BFA",-19.33,2.22,0
"npv","uniform_20","BWA",-0.85,0.002,0
"npv","uniform_20","CAF",-233.79,1.842,0.014
"npv","uniform_20","CIV",-1094.46,12.862,0.037
"npv","uniform_20","CMR",562.09,11.878,0.885
"npv","uniform_20","COD",-1785.83,17.481,0.225
"npv","uniform_20","COG",-81.93,0.896,0.011
"npv","uniform_20","DJI",0,0,0
"npv","uniform_20","ERI",-0.04,0.05,0
"npv","uniform_20","ETH",125.85,17.363,1.051
"npv","uniform_20","GAB",-19.5,0.396,0.017
"npv","uniform_20","GHA",-1244.68,12.774,0.001
"npv","uniform_20","GIN",263.22,6.008,0.68
"npv","uniform_20","GMB",-25.76,0.081,0
"npv","uniform_20","GNB",-27.09,0.523,0.011
"npv","uniform_20","GNQ",-11.35,0.18,0.009
"npv","uniform_20","KEN",-1993.43,5.797,0.011
"npv","uniform_20","LBR",-53.76,0.748,0.005
"npv","uniform_20","LSO",-24.29,0.119,0
"npv","uniform_20","MDG",-164.21,3.614,0.105
"npv","uniform_20","MLI",-64.3,3.628,0
"npv","uniform_20","MOZ",-636.09,9.563,0.008
"npv","uniform_20","MRT",-0.27,0,0
"npv","uniform_20","MWI",-325.05,5.897,0.004
"npv","uniform_20","NAM",-3.5,0.007,0
"npv","uniform_20","NER",-36.29,0.023,0
"npv","uniform_20","NGA",-2269.25,48.678,0.291
"npv","uniform_20","RWA",-31.26,3.34,0.299
"npv","uniform_20","SDN",-6.12,0.729,0
"npv","uniform_20","SEN",-123.03,0.585,0
"npv","uniform_20","SLE",-100.3,3.521,0.096
"npv","uniform_20","SOM",-0.01,0,0
"npv","uniform_20","SSD",-299.76,1.65,0.003
"npv","uniform_20","SWZ",-8.79,0.2,0.002
"npv","uniform_20","TCD",-24.26,0.808,0
"npv","uniform_20","TGO",-328.19,3.067,0.001
"npv","uniform_20","TZA",-2529.18,8.715,0.098
"npv","uniform_20","UGA",-2087.5,11.12,0.04
"npv","uniform_20","ZAF",-160.63,1.574,0.024
"npv","uniform_20","ZMB",-577.09,2.075,0.029
"npv","uniform_20","ZWE",-269.32,0.491,0
"equilibrium","uniform_20","AGO",-1435.67,6.07,0.406
"equilibrium","uniform_20","BDI",-112.37,1.98,0.234
"equilibrium","uniform_20","BEN",-118.72,2.865,0
"equilibrium","uniform_20","BFA",-18.87,2.22,0
"equilibrium","uniform_20","BWA",-0.85,0.002,0
"equilibrium","uniform_20","CAF",-195.89,1.842,0.02
"equilibrium","uniform_20","CIV",-910.67,12.862,0.05
"equilibrium","uniform_20","CMR",925.33,11.878,0.974
"equilibrium","uniform_20","COD",-1419.06,17.481,0.326
"equilibrium","uniform_20","COG",-62.89,0.896,0.017
"equilibrium","uniform_20","DJI",0,0,0
"equilibrium","uniform_20","ERI",-0.04,0.05,0
"equilibrium","uniform_20","ETH",298.88,17.363,1.321
"equilibrium","uniform_20","GAB",-6.7,0.396,0.02
"equilibrium","uniform_20","GHA",-1067.77,12.774,0.002
"equilibrium","uniform_20","GIN",410.15,6.008,0.752
"equilibrium","uniform_20","GMB",-25.55,0.081,0
"equilibrium","uniform_20","GNB",-17.54,0.523,0.019
"equilibrium","uniform_20","GNQ",-4.97,0.18,0.009
"equilibrium","uniform_20","KEN",-1879.93,5.797,0.015
"equilibrium","uniform_20","LBR",-39.71,0.748,0.009
"equilibrium","uniform_20","LSO",-22.73,0.119,0
"equilibrium","uniform_20","MDG",-101.17,3.614,0.162
"equilibrium","uniform_20","MLI",-62.39,3.628,0
"equilibrium","uniform_20","MOZ",-584.33,9.563,0.021
"equilibrium","uniform_20","MRT",-0.27,0,0
"equilibrium","uniform_20","MWI",-296.45,5.897,0.009
"equilibrium","uniform_20","NAM",-3.47,0.007,0
"equilibrium","uniform_20","NER",-36.28,0.023,0
"equilibrium","uniform_20","NGA",-1757.48,48.678,0.477
"equilibrium","uniform_20","RWA",76.25,3.34,0.417
"equilibrium","uniform_20","SDN",-6.12,0.729,0
"equilibrium","uniform_20","SEN",-122.08,0.585,0
"equilibrium","uniform_20","SLE",-35.1,3.521,0.159
"equilibrium","uniform_20","SOM",-0.01,0,0
"equilibrium","uniform_20","SSD",-277.6,1.65,0.004
"equilibrium","uniform_20","SWZ",-6.56,0.2,0.004
"equilibrium","uniform_20","TCD",-24.17,0.808,0
"equilibrium","uniform_20","TGO",-296.77,3.067,0.002
"equilibrium","uniform_20","TZA",-2390.29,8.715,0.125
"equilibrium","uniform_20","UGA",-1865.46,11.12,0.075
"equilibrium","uniform_20","ZAF",-145.65,1.574,0.03
"equilibrium","uniform_20","ZMB",-531.53,2.075,0.036
"equilibrium","uniform_20","ZWE",-265.96,0.491,0
"year1","uniform_50","AGO",-945.93,15.174,0.791
"year1","uniform_50","BDI",590.18,4.951,0.336
"year1","uniform_50","BEN",-290.19,7.163,0
"year1","uniform_50","BFA",-47.03,5.549,0
"year1","uniform_50","BWA",-2.11,0.004,0
"year1","uniform_50","CAF",-350.01,4.605,0.042
"year1","uniform_50","CIV",-1863.92,32.156,0.108
"year1","uniform_50","CMR",5592.62,29.694,1.051
"year1","uniform_50","COD",-1965.8,43.703,0.605
"year1","uniform_50","COG",-67.8,2.239,0.035
"year1","uniform_50","DJI",0,0,0
"year1","uniform_50","ERI",-0.11,0.125,0
"year1","uniform_50","ETH",1037.61,43.406,1.331
"year1","uniform_50","GAB",80.06,0.989,0.03
"year1","uniform_50","GHA",-2519.71,31.934,0.016
"year1","uniform_50","GIN",1649.51,15.021,0.759
"year1","uniform_50","GMB",-63.78,0.201,0
"year1","uniform_50","GNB",-32.29,1.308,0.022
"year1","uniform_50","GNQ",32.28,0.451,0.011
"year1","uniform_50","KEN",-4367.59,14.494,0.046
"year1","uniform_50","LBR",-57.52,1.871,0.018
"year1","uniform_50","LSO",-55.21,0.298,0
"year1","uniform_50","MDG",-145.75,9.035,0.192
"year1","uniform_50","MLI",-149.7,9.07,0.001
"year1","uniform_50","MOZ",-1366.65,23.907,0.03
"year1","uniform_50","MRT",-0.68,0,0
"year1","uniform_50","MWI",-723.76,14.743,0.011
"year1","uniform_50","NAM",-8.63,0.018,0
"year1","uniform_50","NER",-90.54,0.057,0
"year1","uniform_50","NGA",-3208.44,121.695,0.835
"year1","uniform_50","RWA",1121.93,8.35,0.574
"year1","uniform_50","SDN",-15.28,1.823,0
"year1","uniform_50","SEN",-304.02,1.463,0
"year1","uniform_50","SLE",101.18,8.802,0.192
"year1","uniform_50","SOM",-0.01,0,0
"year1","uniform_50","SSD",-640.18,4.125,0.012
"year1","uniform_50","SWZ",-11.73,0.501,0.007
"year1","uniform_50","TCD",-60.29,2.02,0
"year1","uniform_50","TGO",-673,7.669,0.015
"year1","uniform_50","TZA",-5432.52,21.786,0.193
"year1","uniform_50","UGA",-3899.61,27.8,0.234
"year1","uniform_50","ZAF",-243.62,3.936,0.068
"year1","uniform_50","ZMB",-942.47,5.188,0.096
"year1","uniform_50","ZWE",-661.51,1.228,0.001
"npv","uniform_50","AGO",-5623.9,15.174,0.038
"npv","uniform_50","BDI",-954.88,4.951,0.021
"npv","uniform_50","BEN",-321.46,7.163,0
"npv","uniform_50","BFA",-48.4,5.549,0
"npv","uniform_50","BWA",-2.12,0.004,0
"npv","uniform_50","CAF",-660.67,4.605,0.001
"npv","uniform_50","CIV",-2961.29,32.156,0.013
"npv","uniform_50","CMR",-383.49,29.694,0.797
"npv","uniform_50","COD",-5327.41,43.703,0.065
"npv","uniform_50","COG",-253.62,2.239,0
"npv","uniform_50","DJI",0,0,0
"npv","uniform_50","ERI",-0.11,0.125,0
"npv","uniform_50","ETH",156.2,43.406,0.982
"npv","uniform_50","GAB",-101.55,0.989,0.004
"npv","uniform_50","GHA",-3193.36,31.934,0
"npv","uniform_50","GIN",317.62,15.021,0.649
"npv","uniform_50","GMB",-64.44,0.201,0
"npv","uniform_50","GNB",-74.02,1.308,0.009
"npv","uniform_50","GNQ",-52.77,0.451,0.002
"npv","uniform_50","KEN",-5164.8,14.494,0.002
"npv","uniform_50","LBR",-157.18,1.871,0.001
"npv","uniform_50","LSO",-61.61,0.298,0
"npv","uniform_50","MDG",-468.97,9.035,0.087
"npv","uniform_50","MLI",-164.16,9.07,0
"npv","uniform_50","MOZ",-1641.61,23.907,0.006
"npv","uniform_50","MRT",-0.68,0,0
"npv","uniform_50","MWI",-822.1,14.743,0.003
"npv","uniform_50","NAM",-8.78,0.018,0
"npv","uniform_50","NER",-90.82,0.057,0
"npv","uniform_50","NGA",-6319.63,121.695,0.191
"npv","uniform_50","RWA",-586.14,8.35,0.113
"npv","uniform_50","SDN",-15.31,1.823,0
"npv","uniform_50","SEN",-308.21,1.463,0
"npv","uniform_50","SLE",-353.81,8.802,0.064
"npv","uniform_50","SOM",-0.01,0,0
"npv","uniform_50","SSD",-778.76,4.125,0
"npv","uniform_50","SWZ",-24.52,0.501,0
"npv","uniform_50","TCD",-60.72,2.02,0
"npv","uniform_50","TGO",-858.08,7.669,0
"npv","uniform_50","TZA",-6619.25,21.786,0.063
"npv","uniform_50","UGA",-5635.49,27.8,0
"npv","uniform_50","ZAF",-467.31,3.936,0.005
"npv","uniform_50","ZMB",-1653.48,5.188,0.004
"npv","uniform_50","ZWE",-675.15,1.228,0
"equilibrium","uniform_50","AGO",-5175.12,15.174,0.051
"equilibrium","uniform_50","BDI",-803.59,4.951,0.053
"equilibrium","uniform_50","BEN",-300.76,7.163,0
"equilibrium","uniform_50","BFA",-47.27,5.549,0
"equilibrium","uniform_50","BWA",-2.12,0.004,0
"equilibrium","uniform_50","CAF",-573.55,4.605,0.003
"equilibrium","uniform_50","CIV",-2524.34,32.156,0.02
"equilibrium","uniform_50","CMR",345.74,29.694,0.883
"equilibrium","uniform_50","COD",-4496.77,43.703,0.138
"equilibrium","uniform_50","COG",-210.9,2.239,0.003
"equilibrium","uniform_50","DJI",0,0,0
"equilibrium","uniform_50","ERI",-0.11,0.125,0
"equilibrium","uniform_50","ETH",572.93,43.406,1.304
"equilibrium","uniform_50","GAB",-74.83,0.989,0.008
"equilibrium","uniform_50","GHA",-2759.27,31.934,0
"equilibrium","uniform_50","GIN",650.88,15.021,0.74
"equilibrium","uniform_50","GMB",-63.93,0.201,0
"equilibrium","uniform_50","GNB",-50.79,1.308,0.017
"equilibrium","uniform_50","GNQ",-39.24,0.451,0.005
"equilibrium","uniform_50","KEN",-4899.15,14.494,0.002
"equilibrium","uniform_50","LBR",-124.33,1.871,0.004
"equilibrium","uniform_50","LSO",-57.79,0.298,0
"equilibrium","uniform_50","MDG",-317.22,9.035,0.138
"equilibrium","uniform_50","MLI",-159.74,9.07,0
"equilibrium","uniform_50","MOZ",-1517.34,23.907,0.019
"equilibrium","uniform_50","MRT",-0.68,0,0
"equilibrium","uniform_50","MWI",-751.55,14.743,0.009
"equilibrium","uniform_50","NAM",-8.69,0.018,0
"equilibrium","uniform_50","NER",-90.81,0.057,0
"equilibrium","uniform_50","NGA",-5104.84,121.695,0.31
"equilibrium","uniform_50","RWA",-368.16,8.35,0.197
"equilibrium","uniform_50","SDN",-15.31,1.823,0
"equilibrium","uniform_50","SEN",-305.89,1.463,0
"equilibrium","uniform_50","SLE",-201.11,8.802,0.133
"equilibrium","uniform_50","SOM",-0.01,0,0
"equilibrium","uniform_50","SSD",-726.28,4.125,0
"equilibrium","uniform_50","SWZ",-19.21,0.501,0.002
"equilibrium","uniform_50","TCD",-60.52,2.02,0
"equilibrium","uniform_50","TGO",-783.3,7.669,0
"equilibrium","uniform_50","TZA",-6301.65,21.786,0.083
"equilibrium","uniform_50","UGA",-5122.08,27.8,0.009
"equilibrium","uniform_50","ZAF",-436.42,3.936,0.008
"equilibrium","uniform_50","ZMB",-1560.65,5.188,0.007
"equilibrium","uniform_50","ZWE",-666.95,1.228,0
