"iso3","core_Mha","core_farms_M","core_vop_Musd","candidate_Mha"
"CMR",0.455,0.285,442.9,0.613
"GIN",0.162,0.081,113.3,0.382
"TZA",0.022,0.011,34.5,0.036
"ETH",0.005,0.005,7.8,0.119
"NGA",0.003,0.001,2.1,0.017
"MDG",0.001,0.001,1.1,0.008
"AGO",0,0,0,0
"BDI",0,0,0,0
"BEN",0,0,0,0
"BFA",0,0,0,0
"BWA",0,0,0,0
"CAF",0,0,0,0
"CIV",0,0,0,0
"COD",0,0,0,0.015
"COG",0,0,0,0
"DJI",0,0,0,0
"ERI",0,0,0,0
"GAB",0,0,0,0
"GHA",0,0,0,0
"GMB",0,0,0,0
"GNB",0,0,0,0.002
"GNQ",0,0,0,0
"KEN",0,0,0,0
"LBR",0,0,0,0
"LSO",0,0,0,0
"MLI",0,0,0,0
"MOZ",0,0,0,0
"MRT",0,0,0,0
"MWI",0,0,0,0
"NAM",0,0,0,0
"NER",0,0,0,0
"RWA",0,0,0,0
"SDN",0,0,0,0
"SEN",0,0,0,0
"SLE",0,0,0.3,0.029
"SOM",0,0,0,0
"SSD",0,0,0,0
"SWZ",0,0,0,0
"TCD",0,0,0,0
"TGO",0,0,0,0
"UGA",0,0,0,0
"ZAF",0,0,0,0
"ZMB",0,0,0,0
"ZWE",0,0,0,0
