"regime","allocation","crop","gm_total_musd","profitable_mha","cdr_total_mt","agro_total_musd","basalt_total_musd","cdr_revenue_total_musd"
"year1","targeted","ACOF",22.65,0.88,0.355,26.57,45.45,46.17
"year1","targeted","BARL",20.94,1.215,0.256,14.02,24.66,33.23
"year1","targeted","BEAN",5776.94,5.535,17.142,8327.47,4746.85,2228.47
"year1","targeted","CASS",1843.74,13.27,3.752,2740.06,1078.79,487.71
"year1","targeted","CHIC",30.89,0.417,0.114,45.1,26.74,14.8
"year1","targeted","COCO",-69.66,5.56,4.346,444.86,1031.92,565.01
"year1","targeted","COTT",6.42,3.234,0.702,80.13,160.27,91.22
"year1","targeted","COWP",118.76,10.212,0.914,305.34,296.62,118.79
"year1","targeted","GROU",4525.88,11.331,11.838,6301.79,3272.71,1538.99
"year1","targeted","LENT",43.12,0.104,0.068,43.99,9.33,8.78
"year1","targeted","MAIZ",1351.55,27.563,23.906,4971.22,6583.7,3107.8
"year1","targeted","PIGE",-73.02,0.471,0.372,122.24,241.07,48.32
"year1","targeted","PMIL",0.2,19.63,1.769,214.23,437.65,229.92
"year1","targeted","POTA",2666.41,1.461,2.793,2769.81,394.04,363.09
"year1","targeted","RCOF",-108.63,0.995,1.86,83.93,428.43,241.75
"year1","targeted","SMIL",26.05,0.855,0.368,61.7,78.25,47.8
"year1","targeted","SORG",-9.28,25.099,3.929,501.62,1001.02,510.76
"year1","targeted","SOYB",209.33,1.349,0.739,334.42,210.48,96.13
"year1","targeted","SUGC",52.22,1.267,0.354,70.64,51.62,46.01
"year1","targeted","SWPO",1845.58,3.574,4.925,2559.7,1299.91,640.23
"year1","targeted","TEAS",1.27,0.292,0.012,1.67,1.61,1.54
"year1","targeted","TOBA",40.17,0.604,0.076,59.26,22.81,9.85
"year1","targeted","WHEA",118.12,2.95,0.687,140.11,101.47,89.35
"npv","targeted","ACOF",-2.77,0.864,0.355,5.95,45.45,36.66
"npv","targeted","BARL",6.45,1.212,0.256,4.72,24.66,26.39
"npv","targeted","BEAN",1285.63,4.749,17.142,4256.29,4746.85,1769.73
"npv","targeted","CASS",-91.09,12.399,3.752,599.31,1078.79,387.31
"npv","targeted","CHIC",5.2,0.41,0.114,20.17,26.74,11.75
"npv","targeted","COCO",-482.14,5.442,4.346,101.19,1031.92,448.7
"npv","targeted","COTT",-65.3,3.215,0.702,22.53,160.27,72.44
"npv","targeted","COWP",-104.93,10.085,0.914,96.68,296.62,94.34
"npv","targeted","GROU",874.78,10.537,11.838,2925.04,3272.71,1222.19
"npv","targeted","LENT",20.98,0.103,0.068,23.34,9.33,6.97
"npv","targeted","MAIZ",-2461.9,25.971,23.906,1650.47,6583.7,2468.04
"npv","targeted","PIGE",-152.29,0.454,0.372,50.15,241.07,38.37
"npv","targeted","PMIL",-184.76,19.58,1.769,70.12,437.65,182.59
"npv","targeted","POTA",872.05,1.408,2.793,976.43,394.04,288.35
"npv","targeted","RCOF",-214.34,0.969,1.86,22.11,428.43,191.98
"npv","targeted","SMIL",-22.16,0.828,0.368,18.1,78.25,37.96
"npv","targeted","SORG",-427.48,24.927,3.929,165.85,1001.02,405.62
"npv","targeted","SOYB",-24.56,1.261,0.739,108.7,210.48,76.34
"npv","targeted","SUGC",-0.3,1.246,0.354,14.79,51.62,36.54
"npv","targeted","SWPO",48.11,2.963,4.925,838.32,1299.91,508.44
"npv","targeted","TEAS",-0.07,0.291,0.012,0.32,1.61,1.22
"npv","targeted","TOBA",0.07,0.594,0.076,15.04,22.81,7.82
"npv","targeted","WHEA",14.07,2.904,0.687,44.07,101.47,70.96
"equilibrium","targeted","ACOF",2.63,0.866,0.155,5.31,21.96,20.18
"equilibrium","targeted","BARL",4.78,1.214,0.073,2.8,7.21,9.52
"equilibrium","targeted","BEAN",1005.17,5.289,3.372,1665.49,1092.62,438.39
"equilibrium","targeted","CASS",128.09,12.792,2.253,548.01,652.24,292.93
"equilibrium","targeted","CHIC",4.68,0.414,0.024,9.02,6.95,3.07
"equilibrium","targeted","COCO",-191.43,5.451,2.452,88.97,589.62,318.73
"equilibrium","targeted","COTT",-17.96,3.218,0.31,16.03,73.3,40.24
"equilibrium","targeted","COWP",-7.85,10.132,0.347,61.07,112.4,45.09
"equilibrium","targeted","GROU",800.46,10.999,2.768,1260.36,811.43,359.81
"equilibrium","targeted","LENT",8.38,0.104,0.012,8.8,1.97,1.61
"equilibrium","targeted","MAIZ",-348.3,26.493,8.399,994.24,2406.72,1091.81
"equilibrium","targeted","PIGE",-28.46,0.464,0.098,24.45,65.22,12.8
"equilibrium","targeted","PMIL",-36.71,19.606,0.642,42.85,161.83,83.52
"equilibrium","targeted","POTA",512.14,1.44,0.786,553.96,129.68,102.14
"equilibrium","targeted","RCOF",-72.32,0.982,0.844,16.79,197.71,109.76
"equilibrium","targeted","SMIL",-3.43,0.833,0.126,12.34,31.11,16.37
"equilibrium","targeted","SORG",-95.69,24.994,1.351,100.32,367.84,175.65
"equilibrium","targeted","SOYB",19.18,1.29,0.256,66.88,78.97,33.26
"equilibrium","targeted","SUGC",6.71,1.252,0.183,14.13,28.6,23.75
"equilibrium","targeted","SWPO",251.93,3.236,1.773,511.94,479.88,230.48
"equilibrium","targeted","TEAS",0.11,0.291,0.006,0.33,0.95,0.78
"equilibrium","targeted","TOBA",4.19,0.598,0.035,11.85,10.95,4.51
"equilibrium","targeted","WHEA",18.99,2.924,0.212,28.02,34.71,27.58
"year1","uniform_10","ACOF",6.53,0.805,1.226,26.57,319.57,159.34
"year1","uniform_10","BARL",14.8,1.191,0.938,14.02,296.78,121.89
"year1","uniform_10","BEAN",6751.57,4.711,6.141,8327.47,3422.58,798.29
"year1","uniform_10","CASS",1663.08,11.393,20.091,2740.06,7210.72,2611.82
"year1","uniform_10","CHIC",20,0.372,0.32,45.1,137.91,41.59
"year1","uniform_10","COCO",-313.66,4.209,11.737,444.86,3657.11,1525.83
"year1","uniform_10","COTT",-9.28,3.119,1.966,80.13,1733.82,255.57
"year1","uniform_10","COWP",121.08,10.008,2.364,305.34,5972.16,307.37
"year1","uniform_10","GROU",5084.87,10.309,7.229,6301.79,6638.47,939.82
"year1","uniform_10","LENT",42.52,0.102,0.074,43.99,24.37,9.56
"year1","uniform_10","MAIZ",1814.32,24.861,26.416,4971.22,14858.27,3434.11
"year1","uniform_10","PIGE",-40.3,0.398,0.36,122.24,338.14,46.81
"year1","uniform_10","PMIL",-19.19,19.355,3.486,214.23,11573.68,453.21
"year1","uniform_10","POTA",2637.61,1.298,1.556,2769.81,652.49,202.28
"year1","uniform_10","RCOF",-121.84,0.705,2.167,83.93,691.59,281.69
"year1","uniform_10","SMIL",-9.65,0.75,0.953,61.7,354.28,123.84
"year1","uniform_10","SORG",-75.3,24.47,9.175,501.62,13477.52,1192.78
"year1","uniform_10","SOYB",226.19,1.221,1.234,334.42,653.92,160.4
"year1","uniform_10","SUGC",25.76,1.15,1.415,70.64,536.09,183.9
"year1","uniform_10","SWPO",2009.05,2.968,4.42,2559.7,1949.1,574.64
"year1","uniform_10","TEAS",-9.19,0.264,0.355,1.67,156.05,46.1
"year1","uniform_10","TOBA",30.92,0.559,0.401,59.26,300.2,52.08
"year1","uniform_10","WHEA",100.4,2.848,1.688,140.11,963.37,219.48
"npv","uniform_10","ACOF",-29.8,0.763,1.226,4.83,319.57,126.54
"npv","uniform_10","BARL",-1.95,1.16,0.938,2.55,296.78,96.8
"npv","uniform_10","BEAN",-197.24,3.689,6.141,1514.09,3422.58,633.96
"npv","uniform_10","CASS",-765.98,10.303,20.091,498.19,7210.72,2074.16
"npv","uniform_10","CHIC",-19.19,0.358,0.32,8.2,137.91,33.03
"npv","uniform_10","COCO",-834.06,3.807,11.737,80.88,3657.11,1211.73
"npv","uniform_10","COTT",-88.97,3.067,1.966,14.57,1733.82,202.96
"npv","uniform_10","COWP",-145.85,9.883,2.364,55.52,5972.16,244.1
"npv","uniform_10","GROU",-193.47,9.478,7.229,1145.78,6638.47,746.36
"npv","uniform_10","LENT",5.98,0.099,0.074,8,24.37,7.59
"npv","uniform_10","MAIZ",-2629.59,22.272,26.416,903.86,14858.27,2727.19
"npv","uniform_10","PIGE",-145.92,0.306,0.36,22.23,338.14,37.17
"npv","uniform_10","PMIL",-226.48,19.262,3.486,38.95,11573.68,359.92
"npv","uniform_10","POTA",348.16,1.163,1.556,503.6,652.49,160.64
"npv","uniform_10","RCOF",-230.27,0.619,2.167,15.26,691.59,223.7
"npv","uniform_10","SMIL",-70.41,0.704,0.953,11.22,354.28,98.35
"npv","uniform_10","SORG",-559.2,24.123,9.175,91.2,13477.52,947.24
"npv","uniform_10","SOYB",-59.64,1.1,1.234,60.8,653.92,127.38
"npv","uniform_10","SUGC",-44.33,1.108,1.415,12.84,536.09,146.05
"npv","uniform_10","SWPO",-160.31,2.414,4.42,465.4,1949.1,456.34
"npv","uniform_10","TEAS",-11.92,0.263,0.355,0.3,156.05,36.61
"npv","uniform_10","TOBA",-19.93,0.546,0.401,10.78,300.2,41.36
"npv","uniform_10","WHEA",-25.84,2.757,1.688,25.47,963.37,174.3
"equilibrium","uniform_10","ACOF",-14.73,0.788,1.226,5.31,319.57,159.34
"equilibrium","uniform_10","BARL",3.59,1.185,0.938,2.8,296.78,121.89
"equilibrium","uniform_10","BEAN",90.69,3.869,6.141,1665.49,3422.58,798.29
"equilibrium","uniform_10","CASS",-523.99,10.513,20.091,548.01,7210.72,2611.82
"equilibrium","uniform_10","CHIC",-16.08,0.366,0.32,9.02,137.91,41.59
"equilibrium","uniform_10","COCO",-668.09,3.868,11.737,88.97,3657.11,1525.83
"equilibrium","uniform_10","COTT",-73.26,3.077,1.966,16.03,1733.82,255.57
"equilibrium","uniform_10","COWP",-122.93,9.897,2.364,61.07,5972.16,307.37
"equilibrium","uniform_10","GROU",48.74,9.605,7.229,1260.36,6638.47,939.82
"equilibrium","uniform_10","LENT",7.34,0.1,0.074,8.8,24.37,9.56
"equilibrium","uniform_10","MAIZ",-2154.84,22.645,26.416,994.24,14858.27,3434.11
"equilibrium","uniform_10","PIGE",-138.09,0.308,0.36,24.45,338.14,46.81
"equilibrium","uniform_10","PMIL",-190.43,19.289,3.486,42.85,11573.68,453.21
"equilibrium","uniform_10","POTA",421.97,1.182,1.556,553.96,652.49,202.28
"equilibrium","uniform_10","RCOF",-188.85,0.645,2.167,16.79,691.59,281.69
"equilibrium","uniform_10","SMIL",-59.01,0.714,0.953,12.34,354.28,123.84
"equilibrium","uniform_10","SORG",-476.44,24.199,9.175,100.32,13477.52,1192.78
"equilibrium","uniform_10","SOYB",-41.23,1.11,1.234,66.88,653.92,160.4
"equilibrium","uniform_10","SUGC",-30.45,1.12,1.415,14.13,536.09,183.9
"equilibrium","uniform_10","SWPO",-35.64,2.523,4.42,511.94,1949.1,574.64
"equilibrium","uniform_10","TEAS",-10.53,0.263,0.355,0.33,156.05,46.1
"equilibrium","uniform_10","TOBA",-16.46,0.547,0.401,11.85,300.2,52.08
"equilibrium","uniform_10","WHEA",-11.68,2.797,1.688,28.02,963.37,219.48
"year1","uniform_20","ACOF",-13.51,0.795,2.451,26.57,639.13,318.68
"year1","uniform_20","BARL",15.59,1.187,1.875,14.02,593.56,243.78
"year1","uniform_20","BEAN",5177.03,4.337,12.281,8327.47,6845.16,1596.58
"year1","uniform_20","CASS",592.33,11.014,40.182,2740.06,14421.43,5223.64
"year1","uniform_20","CHIC",-5.1,0.37,0.64,45.1,275.82,83.18
"year1","uniform_20","COCO",-1070.35,4.041,23.474,444.86,7314.22,3051.65
"year1","uniform_20","COTT",-98.53,3.096,3.932,80.13,3467.63,511.14
"year1","uniform_20","COWP",-62.86,9.958,4.729,305.34,11944.31,614.74
"year1","uniform_20","GROU",3874.57,10.042,14.459,6301.79,13276.95,1879.65
"year1","uniform_20","LENT",41.06,0.101,0.147,43.99,48.75,19.12
"year1","uniform_20","MAIZ",-1332.81,23.779,52.832,4971.22,29716.54,6868.22
"year1","uniform_20","PIGE",-202.84,0.343,0.72,122.24,676.28,93.62
"year1","uniform_20","PMIL",-252.43,19.318,6.972,214.23,23147.37,906.42
"year1","uniform_20","POTA",2505.67,1.258,3.112,2769.81,1304.98,404.56
"year1","uniform_20","RCOF",-327.44,0.665,4.334,83.93,1383.19,563.38
"year1","uniform_20","SMIL",-81,0.726,1.905,61.7,708.56,247.68
"year1","uniform_20","SORG",-652.03,24.32,18.35,501.62,26955.04,2385.56
"year1","uniform_20","SOYB",118.11,1.163,2.468,334.42,1307.84,320.81
"year1","uniform_20","SUGC",-18.74,1.134,2.829,70.64,1072.19,367.81
"year1","uniform_20","SWPO",1462.23,2.782,8.841,2559.7,3898.2,1149.27
"year1","uniform_20","TEAS",-20.06,0.263,0.709,1.67,312.11,92.2
"year1","uniform_20","TOBA",2.62,0.554,0.801,59.26,600.4,104.17
"year1","uniform_20","WHEA",60.69,2.83,3.377,140.11,1926.73,438.97
"npv","uniform_20","ACOF",-64.43,0.762,2.451,4.83,639.13,253.08
"npv","uniform_20","BARL",-6.46,1.155,1.875,2.55,593.56,193.6
"npv","uniform_20","BEAN",-1908.32,3.233,12.281,1514.09,6845.16,1267.92
"npv","uniform_20","CASS",-2029.02,10.028,40.182,498.19,14421.43,4148.33
"npv","uniform_20","CHIC",-46.58,0.354,0.64,8.2,275.82,66.06
"npv","uniform_20","COCO",-1748.67,3.787,23.474,80.88,7314.22,2423.46
"npv","uniform_20","COTT",-192.48,3.062,3.932,14.57,3467.63,405.92
"npv","uniform_20","COWP",-347.16,9.857,4.729,55.52,11944.31,488.19
"npv","uniform_20","GROU",-1531.52,9.168,14.459,1145.78,13276.95,1492.71
"npv","uniform_20","LENT",3.97,0.099,0.147,8,48.75,15.19
"npv","uniform_20","MAIZ",-6161.25,21.878,52.832,903.86,29716.54,5454.37
"npv","uniform_20","PIGE",-314.07,0.303,0.72,22.23,676.28,74.35
"npv","uniform_20","PMIL",-491.87,19.248,6.972,38.95,23147.37,719.83
"npv","uniform_20","POTA",192.77,1.109,3.112,503.6,1304.98,321.28
"npv","uniform_20","RCOF",-475.77,0.615,4.334,15.26,1383.19,447.4
"npv","uniform_20","SMIL",-152.05,0.7,1.905,11.22,708.56,196.69
"npv","uniform_20","SORG",-1209.57,24.08,18.35,91.2,26955.04,1894.49
"npv","uniform_20","SOYB",-180.05,1.077,2.468,60.8,1307.84,254.77
"npv","uniform_20","SUGC",-101.44,1.103,2.829,12.84,1072.19,292.09
"npv","uniform_20","SWPO",-785.33,2.245,8.841,465.4,3898.2,912.69
"npv","uniform_20","TEAS",-24.15,0.263,0.709,0.3,312.11,73.22
"npv","uniform_20","TOBA",-50.63,0.542,0.801,10.78,600.4,82.72
"npv","uniform_20","WHEA",-77.16,2.736,3.377,25.47,1926.73,348.61
"equilibrium","uniform_20","ACOF",-34.77,0.787,2.451,5.31,639.13,318.68
"equilibrium","uniform_20","BARL",4.38,1.184,1.875,2.8,593.56,243.78
"equilibrium","uniform_20","BEAN",-1483.85,3.451,12.281,1665.49,6845.16,1596.58
"equilibrium","uniform_20","CASS",-1594.74,10.187,40.182,548.01,14421.43,5223.64
"equilibrium","uniform_20","CHIC",-41.18,0.364,0.64,9.02,275.82,83.18
"equilibrium","uniform_20","COCO",-1424.78,3.834,23.474,88.97,7314.22,3051.65
"equilibrium","uniform_20","COTT",-162.51,3.07,3.932,16.03,3467.63,511.14
"equilibrium","uniform_20","COWP",-306.87,9.869,4.729,61.07,11944.31,614.74
"equilibrium","uniform_20","GROU",-1161.55,9.303,14.459,1260.36,13276.95,1879.65
"equilibrium","uniform_20","LENT",5.87,0.1,0.147,8.8,48.75,19.12
"equilibrium","uniform_20","MAIZ",-5301.96,22.151,52.832,994.24,29716.54,6868.22
"equilibrium","uniform_20","PIGE",-300.63,0.304,0.72,24.45,676.28,93.62
"equilibrium","uniform_20","PMIL",-423.68,19.279,6.972,42.85,23147.37,906.42
"equilibrium","uniform_20","POTA",290.04,1.146,3.112,553.96,1304.98,404.56
"equilibrium","uniform_20","RCOF",-394.45,0.643,4.334,16.79,1383.19,563.38
"equilibrium","uniform_20","SMIL",-130.36,0.711,1.905,12.34,708.56,247.68
"equilibrium","uniform_20","SORG",-1053.17,24.162,18.35,100.32,26955.04,2385.56
"equilibrium","uniform_20","SOYB",-149.3,1.086,2.468,66.88,1307.84,320.81
"equilibrium","uniform_20","SUGC",-74.95,1.117,2.829,14.13,1072.19,367.81
"equilibrium","uniform_20","SWPO",-582.46,2.311,8.841,511.94,3898.2,1149.27
"equilibrium","uniform_20","TEAS",-21.4,0.263,0.709,0.33,312.11,92.2
"equilibrium","uniform_20","TOBA",-44.77,0.544,0.801,11.85,600.4,104.17
"equilibrium","uniform_20","WHEA",-51.38,2.777,3.377,28.02,1926.73,438.97
"year1","uniform_50","ACOF",-73.63,0.788,6.128,26.57,1597.83,796.69
"year1","uniform_50","BARL",17.95,1.185,4.688,14.02,1483.89,609.45
"year1","uniform_50","BEAN",453.43,3.869,30.704,8327.47,17112.9,3991.46
"year1","uniform_50","CASS",-2619.94,10.513,100.455,2740.06,36053.59,13059.09
"year1","uniform_50","CHIC",-80.39,0.366,1.6,45.1,689.54,207.95
"year1","uniform_50","COCO",-3340.43,3.868,58.686,444.86,18285.56,7629.14
"year1","uniform_50","COTT",-366.29,3.077,9.83,80.13,8669.09,1277.84
"year1","uniform_50","COWP",-614.67,9.897,11.822,305.34,29860.78,1536.84
"year1","uniform_50","GROU",243.7,9.605,36.147,6301.79,33192.37,4699.12
"year1","uniform_50","LENT",36.68,0.1,0.368,43.99,121.87,47.81
"year1","uniform_50","MAIZ",-10774.18,22.645,132.081,4971.22,74291.35,17170.55
"year1","uniform_50","PIGE",-690.45,0.308,1.8,122.24,1690.7,234.05
"year1","uniform_50","PMIL",-952.17,19.289,17.431,214.23,57868.41,2266.05
"year1","uniform_50","POTA",2109.87,1.182,7.78,2769.81,3262.46,1011.41
"year1","uniform_50","RCOF",-944.26,0.645,10.834,83.93,3457.96,1408.44
"year1","uniform_50","SMIL",-295.04,0.714,4.763,61.7,1771.4,619.2
"year1","uniform_50","SORG",-2382.22,24.199,45.876,501.62,67387.59,5963.91
"year1","uniform_50","SOYB",-206.13,1.11,6.169,334.42,3269.61,802.02
"year1","uniform_50","SUGC",-152.24,1.12,7.073,70.64,2680.47,919.52
"year1","uniform_50","SWPO",-178.21,2.523,22.101,2559.7,9745.5,2873.18
"year1","uniform_50","TEAS",-52.66,0.263,1.773,1.67,780.27,230.5
"year1","uniform_50","TOBA",-82.3,0.547,2.003,59.26,1500.99,260.42
"year1","uniform_50","WHEA",-58.41,2.797,8.442,140.11,4816.84,1097.42
"npv","uniform_50","ACOF",-168.31,0.759,6.128,4.83,1597.83,632.69
"npv","uniform_50","BARL",-19.97,1.152,4.688,2.55,1483.89,483.99
"npv","uniform_50","BEAN",-7041.55,2.785,30.704,1514.09,17112.9,3169.8
"npv","uniform_50","CASS",-5818.13,9.925,100.455,498.19,36053.59,10370.82
"npv","uniform_50","CHIC",-128.75,0.351,1.6,8.2,689.54,165.14
"npv","uniform_50","COCO",-4492.51,3.785,58.686,80.88,18285.56,6058.65
"npv","uniform_50","COTT",-503.02,3.06,9.83,14.57,8669.09,1014.79
"npv","uniform_50","COWP",-951.1,9.842,11.822,55.52,29860.78,1220.48
"npv","uniform_50","GROU",-5545.65,8.871,36.147,1145.78,33192.37,3731.79
"npv","uniform_50","LENT",-2.08,0.098,0.368,8,121.87,37.97
"npv","uniform_50","MAIZ",-16756.26,21.742,132.081,903.86,74291.35,13635.93
"npv","uniform_50","PIGE",-818.5,0.302,1.8,22.23,1690.7,185.87
"npv","uniform_50","PMIL",-1288.07,19.237,17.431,38.95,57868.41,1799.58
"npv","uniform_50","POTA",-273.4,1.029,7.78,503.6,3262.46,803.21
"npv","uniform_50","RCOF",-1212.27,0.611,10.834,15.26,3457.96,1118.51
"npv","uniform_50","SMIL",-396.94,0.698,4.763,11.22,1771.4,491.74
"npv","uniform_50","SORG",-3160.68,24.052,45.876,91.2,67387.59,4736.21
"npv","uniform_50","SOYB",-541.29,1.059,6.169,60.8,3269.61,636.92
"npv","uniform_50","SUGC",-272.77,1.1,7.073,12.84,2680.47,730.24
"npv","uniform_50","SWPO",-2660.37,2.08,22.101,465.4,9745.5,2281.72
"npv","uniform_50","TEAS",-60.83,0.263,1.773,0.3,780.27,183.05
"npv","uniform_50","TOBA",-142.73,0.54,2.003,10.78,1500.99,206.81
"npv","uniform_50","WHEA",-231.11,2.722,8.442,25.47,4816.84,871.51
"equilibrium","uniform_50","ACOF",-94.88,0.787,6.128,5.31,1597.83,796.69
"equilibrium","uniform_50","BARL",6.74,1.183,4.688,2.8,1483.89,609.45
"equilibrium","uniform_50","BEAN",-6207.45,2.933,30.704,1665.49,17112.9,3991.46
"equilibrium","uniform_50","CASS",-4807.01,10.017,100.455,548.01,36053.59,13059.09
"equilibrium","uniform_50","CHIC",-116.47,0.361,1.6,9.02,689.54,207.95
"equilibrium","uniform_50","COCO",-3694.86,3.83,58.686,88.97,18285.56,7629.14
"equilibrium","uniform_50","COTT",-430.27,3.068,9.83,16.03,8669.09,1277.84
"equilibrium","uniform_50","COWP",-858.68,9.846,11.822,61.07,29860.78,1536.84
"equilibrium","uniform_50","GROU",-4792.43,8.985,36.147,1260.36,33192.37,4699.12
"equilibrium","uniform_50","LENT",1.49,0.099,0.368,8.8,121.87,47.81
"equilibrium","uniform_50","MAIZ",-14743.34,21.976,132.081,994.24,74291.35,17170.55
"equilibrium","uniform_50","PIGE",-788.25,0.302,1.8,24.45,1690.7,234.05
"equilibrium","uniform_50","PMIL",-1123.42,19.271,17.431,42.85,57868.41,2266.05
"equilibrium","uniform_50","POTA",-105.77,1.059,7.78,553.96,3262.46,1011.41
"equilibrium","uniform_50","RCOF",-1011.27,0.64,10.834,16.79,3457.96,1408.44
"equilibrium","uniform_50","SMIL",-344.4,0.71,4.763,12.34,1771.4,619.2
"equilibrium","uniform_50","SORG",-2783.36,24.139,45.876,100.32,67387.59,5963.91
"equilibrium","uniform_50","SOYB",-473.54,1.065,6.169,66.88,3269.61,802.02
"equilibrium","uniform_50","SUGC",-208.45,1.113,7.073,14.13,2680.47,919.52
"equilibrium","uniform_50","SWPO",-2222.9,2.135,22.101,511.94,9745.5,2873.18
"equilibrium","uniform_50","TEAS",-54,0.263,1.773,0.33,780.27,230.5
"equilibrium","uniform_50","TOBA",-129.69,0.541,2.003,11.85,1500.99,260.42
"equilibrium","uniform_50","WHEA",-170.49,2.767,8.442,28.02,4816.84,1097.42
