"allocation","envelope","iso3","ha_Mha","farms_M","vop_Musd"
"targeted","private","AGO",0.725,0.363,1138.3
"targeted","private","BDI",0.417,0.833,360.4
"targeted","private","BEN",0,0,0
"targeted","private","BFA",0,0,0
"targeted","private","BWA",0,0,0
"targeted","private","CAF",0.013,0.009,8.6
"targeted","private","CIV",0,0,0.4
"targeted","private","CMR",0.889,0.556,799.4
"targeted","private","COD",0.253,0.158,232.7
"targeted","private","COG",0.03,0.02,47.8
"targeted","private","DJI",0,0,0
"targeted","private","ERI",0,0,0
"targeted","private","ETH",0.157,0.157,144.8
"targeted","private","GAB",0.029,0.019,28.5
"targeted","private","GHA",0,0,0
"targeted","private","GIN",0.491,0.245,330.5
"targeted","private","GMB",0,0,0
"targeted","private","GNB",0.007,0.005,4.4
"targeted","private","GNQ",0.004,0.003,3.9
"targeted","private","KEN",0.011,0.011,46.4
"targeted","private","LBR",0.001,0.001,0.7
"targeted","private","LSO",0,0,0
"targeted","private","MDG",0.052,0.058,73.5
"targeted","private","MLI",0.003,0.001,2.3
"targeted","private","MOZ",0,0,0.3
"targeted","private","MRT",0,0,0
"targeted","private","MWI",0.001,0.002,1.1
"targeted","private","NAM",0,0,0
"targeted","private","NER",0,0,0
"targeted","private","NGA",0.094,0.052,117.2
"targeted","private","RWA",0.535,0.891,649.6
"targeted","private","SDN",0,0,0
"targeted","private","SEN",0,0,0
"targeted","private","SLE",0.099,0.066,94.4
"targeted","private","SOM",0,0,0
"targeted","private","SSD",0.002,0.001,0.9
"targeted","private","SWZ",0.004,0.002,1.9
"targeted","private","TCD",0,0,0
"targeted","private","TGO",0,0,0
"targeted","private","TZA",0.136,0.068,153.4
"targeted","private","UGA",0.138,0.126,122.4
"targeted","private","ZAF",0.104,0.035,163
"targeted","private","ZMB",0.114,0.046,124.2
"targeted","private","ZWE",0,0,0
"targeted","public","AGO",0,0,0
"targeted","public","BDI",0,0,0
"targeted","public","BEN",0,0,0
"targeted","public","BFA",0,0,0
"targeted","public","BWA",0,0,0
"targeted","public","CAF",0,0,0
"targeted","public","CIV",0,0,0.2
"targeted","public","CMR",0.685,0.428,602.5
"targeted","public","COD",0.017,0.011,6.3
"targeted","public","COG",0,0,0
"targeted","public","DJI",0,0,0
"targeted","public","ERI",0,0,0
"targeted","public","ETH",0.619,0.619,434.8
"targeted","public","GAB",0,0,0
"targeted","public","GHA",0,0,0
"targeted","public","GIN",0.439,0.219,278.3
"targeted","public","GMB",0,0,0
"targeted","public","GNB",0.002,0.001,1.2
"targeted","public","GNQ",0,0,0
"targeted","public","KEN",0,0,0
"targeted","public","LBR",0,0,0.1
"targeted","public","LSO",0,0,0
"targeted","public","MDG",0.037,0.041,22
"targeted","public","MLI",0,0,0
"targeted","public","MOZ",0.004,0.003,1.4
"targeted","public","MRT",0,0,0
"targeted","public","MWI",0.002,0.003,1
"targeted","public","NAM",0,0,0
"targeted","public","NER",0,0,0
"targeted","public","NGA",0.071,0.04,51
"targeted","public","RWA",0,0,0.1
"targeted","public","SDN",0,0,0
"targeted","public","SEN",0,0,0
"targeted","public","SLE",0.024,0.016,26.4
"targeted","public","SOM",0,0,0
"targeted","public","SSD",0,0,0
"targeted","public","SWZ",0,0,0
"targeted","public","TCD",0,0,0
"targeted","public","TGO",0,0,0
"targeted","public","TZA",0.049,0.025,55.8
"targeted","public","UGA",0,0,0
"targeted","public","ZAF",0,0,0
"targeted","public","ZMB",0,0,0
"targeted","public","ZWE",0,0,0
"targeted","intersection","AGO",0,0,0
"targeted","intersection","BDI",0,0,0
"targeted","intersection","BEN",0,0,0
"targeted","intersection","BFA",0,0,0
"targeted","intersection","BWA",0,0,0
"targeted","intersection","CAF",0,0,0
"targeted","intersection","CIV",0,0,0.1
"targeted","intersection","CMR",0.647,0.404,588.3
"targeted","intersection","COD",0.016,0.01,5.8
"targeted","intersection","COG",0,0,0
"targeted","intersection","DJI",0,0,0
"targeted","intersection","ERI",0,0,0
"targeted","intersection","ETH",0.15,0.15,136.4
"targeted","intersection","GAB",0,0,0
"targeted","intersection","GHA",0,0,0
"targeted","intersection","GIN",0.406,0.203,263.5
"targeted","intersection","GMB",0,0,0
"targeted","intersection","GNB",0.002,0.001,1.1
"targeted","intersection","GNQ",0,0,0
"targeted","intersection","KEN",0,0,0
"targeted","intersection","LBR",0,0,0.1
"targeted","intersection","LSO",0,0,0
"targeted","intersection","MDG",0.011,0.012,10.2
"targeted","intersection","MLI",0,0,0
"targeted","intersection","MOZ",0,0,0
"targeted","intersection","MRT",0,0,0
"targeted","intersection","MWI",0,0,0
"targeted","intersection","NAM",0,0,0
"targeted","intersection","NER",0,0,0
"targeted","intersection","NGA",0.03,0.017,23.2
"targeted","intersection","RWA",0,0,0.1
"targeted","intersection","SDN",0,0,0
"targeted","intersection","SEN",0,0,0
"targeted","intersection","SLE",0.024,0.016,26.4
"targeted","intersection","SOM",0,0,0
"targeted","intersection","SSD",0,0,0
"targeted","intersection","SWZ",0,0,0
"targeted","intersection","TCD",0,0,0
"targeted","intersection","TGO",0,0,0
"targeted","intersection","TZA",0.036,0.018,49.2
"targeted","intersection","UGA",0,0,0
"targeted","intersection","ZAF",0,0,0
"targeted","intersection","ZMB",0,0,0
"targeted","intersection","ZWE",0,0,0
"targeted","combined","AGO",1.052,0.526,1571.8
"targeted","combined","BDI",0.522,1.045,435.9
"targeted","combined","BEN",0,0,0
"targeted","combined","BFA",0,0,0
"targeted","combined","BWA",0,0,0
"targeted","combined","CAF",0.075,0.05,45.1
"targeted","combined","CIV",0.01,0.003,7.2
"targeted","combined","CMR",1.186,0.741,1000.4
"targeted","combined","COD",0.784,0.49,688.3
"targeted","combined","COG",0.053,0.035,73
"targeted","combined","DJI",0,0,0
"targeted","combined","ERI",0,0,0
"targeted","combined","ETH",0.668,0.668,471.5
"targeted","combined","GAB",0.054,0.036,47
"targeted","combined","GHA",0,0,0.6
"targeted","combined","GIN",0.591,0.295,381.3
"targeted","combined","GMB",0,0,0
"targeted","combined","GNB",0.018,0.012,11.3
"targeted","combined","GNQ",0.027,0.018,21
"targeted","combined","KEN",0.023,0.023,59.2
"targeted","combined","LBR",0.008,0.005,4.9
"targeted","combined","LSO",0,0,0
"targeted","combined","MDG",0.146,0.162,127.2
"targeted","combined","MLI",0.003,0.001,2.3
"targeted","combined","MOZ",0.011,0.008,4.8
"targeted","combined","MRT",0,0,0
"targeted","combined","MWI",0.005,0.006,2.7
"targeted","combined","NAM",0,0,0
"targeted","combined","NER",0,0,0
"targeted","combined","NGA",0.661,0.367,1039.3
"targeted","combined","RWA",0.713,1.188,799.3
"targeted","combined","SDN",0,0,0
"targeted","combined","SEN",0,0,0
"targeted","combined","SLE",0.151,0.1,125.7
"targeted","combined","SOM",0,0,0
"targeted","combined","SSD",0.004,0.002,3.2
"targeted","combined","SWZ",0.009,0.006,4.1
"targeted","combined","TCD",0,0,0
"targeted","combined","TGO",0.006,0.004,4.1
"targeted","combined","TZA",0.233,0.116,218.3
"targeted","combined","UGA",0.333,0.303,270.9
"targeted","combined","ZAF",0.104,0.035,163.4
"targeted","combined","ZMB",0.16,0.064,161.3
"targeted","combined","ZWE",0,0,0.1
"uniform_10","private","AGO",0.753,0.377,1107.6
"uniform_10","private","BDI",0.347,0.695,310.8
"uniform_10","private","BEN",0,0,0
"uniform_10","private","BFA",0,0,0
"uniform_10","private","BWA",0,0,0
"uniform_10","private","CAF",0.003,0.002,2.5
"uniform_10","private","CIV",0.011,0.004,7.8
"uniform_10","private","CMR",0.747,0.467,722.7
"uniform_10","private","COD",0.238,0.149,238.1
"uniform_10","private","COG",0.017,0.011,30.9
"uniform_10","private","DJI",0,0,0
"uniform_10","private","ERI",0,0,0
"uniform_10","private","ETH",0.182,0.182,137.6
"uniform_10","private","GAB",0.021,0.014,21.6
"uniform_10","private","GHA",0,0,0
"uniform_10","private","GIN",0.331,0.165,257.2
"uniform_10","private","GMB",0,0,0
"uniform_10","private","GNB",0.001,0,0.4
"uniform_10","private","GNQ",0.01,0.007,8.2
"uniform_10","private","KEN",0.007,0.007,34.4
"uniform_10","private","LBR",0.001,0,1
"uniform_10","private","LSO",0,0,0
"uniform_10","private","MDG",0.01,0.011,23.5
"uniform_10","private","MLI",0,0,0
"uniform_10","private","MOZ",0.005,0.004,5.4
"uniform_10","private","MRT",0,0,0
"uniform_10","private","MWI",0,0,0
"uniform_10","private","NAM",0,0,0
"uniform_10","private","NER",0,0,0
"uniform_10","private","NGA",0.112,0.062,196.2
"uniform_10","private","RWA",0.378,0.629,548.4
"uniform_10","private","SDN",0,0,0
"uniform_10","private","SEN",0,0,0
"uniform_10","private","SLE",0.05,0.033,70.9
"uniform_10","private","SOM",0,0,0
"uniform_10","private","SSD",0,0,0.4
"uniform_10","private","SWZ",0.002,0.002,1.3
"uniform_10","private","TCD",0,0,0
"uniform_10","private","TGO",0.001,0,0.5
"uniform_10","private","TZA",0.072,0.036,86.3
"uniform_10","private","UGA",0.083,0.075,75.2
"uniform_10","private","ZAF",0.06,0.02,112.9
"uniform_10","private","ZMB",0.076,0.031,81
"uniform_10","private","ZWE",0,0,0
"uniform_10","public","AGO",0,0,0
"uniform_10","public","BDI",0,0,0
"uniform_10","public","BEN",0,0,0
"uniform_10","public","BFA",0,0,0.1
"uniform_10","public","BWA",0,0,0
"uniform_10","public","CAF",0,0,0
"uniform_10","public","CIV",0.002,0.001,1.1
"uniform_10","public","CMR",0.81,0.506,721.7
"uniform_10","public","COD",0.069,0.043,40.4
"uniform_10","public","COG",0,0,0
"uniform_10","public","DJI",0,0,0
"uniform_10","public","ERI",0,0,0
"uniform_10","public","ETH",1.389,1.389,955.1
"uniform_10","public","GAB",0,0,0
"uniform_10","public","GHA",0,0,0
"uniform_10","public","GIN",0.672,0.336,471.2
"uniform_10","public","GMB",0,0,0
"uniform_10","public","GNB",0.01,0.007,4.8
"uniform_10","public","GNQ",0,0,0
"uniform_10","public","KEN",0,0,0
"uniform_10","public","LBR",0,0,0.4
"uniform_10","public","LSO",0,0,0
"uniform_10","public","MDG",0.132,0.146,93.2
"uniform_10","public","MLI",0.001,0,0.7
"uniform_10","public","MOZ",0.085,0.057,33.1
"uniform_10","public","MRT",0,0,0
"uniform_10","public","MWI",0.013,0.016,6.8
"uniform_10","public","NAM",0,0,0
"uniform_10","public","NER",0,0,0
"uniform_10","public","NGA",0.212,0.118,213.4
"uniform_10","public","RWA",0.012,0.019,12.2
"uniform_10","public","SDN",0,0,0
"uniform_10","public","SEN",0,0,0
"uniform_10","public","SLE",0.042,0.028,59.1
"uniform_10","public","SOM",0,0,0
"uniform_10","public","SSD",0,0,0
"uniform_10","public","SWZ",0,0,0
"uniform_10","public","TCD",0,0,0
"uniform_10","public","TGO",0,0,0
"uniform_10","public","TZA",0.133,0.067,123
"uniform_10","public","UGA",0.019,0.017,10
"uniform_10","public","ZAF",0.009,0.003,19.3
"uniform_10","public","ZMB",0,0,0
"uniform_10","public","ZWE",0,0,0
"uniform_10","intersection","AGO",0,0,0
"uniform_10","intersection","BDI",0,0,0
"uniform_10","intersection","BEN",0,0,0
"uniform_10","intersection","BFA",0,0,0
"uniform_10","intersection","BWA",0,0,0
"uniform_10","intersection","CAF",0,0,0
"uniform_10","intersection","CIV",0,0,0
"uniform_10","intersection","CMR",0.625,0.391,604.1
"uniform_10","intersection","COD",0.014,0.009,6.2
"uniform_10","intersection","COG",0,0,0
"uniform_10","intersection","DJI",0,0,0
"uniform_10","intersection","ERI",0,0,0
"uniform_10","intersection","ETH",0.182,0.182,137.6
"uniform_10","intersection","GAB",0,0,0
"uniform_10","intersection","GHA",0,0,0
"uniform_10","intersection","GIN",0.318,0.159,246.6
"uniform_10","intersection","GMB",0,0,0
"uniform_10","intersection","GNB",0,0,0
"uniform_10","intersection","GNQ",0,0,0
"uniform_10","intersection","KEN",0,0,0
"uniform_10","intersection","LBR",0,0,0
"uniform_10","intersection","LSO",0,0,0
"uniform_10","intersection","MDG",0.002,0.002,2
"uniform_10","intersection","MLI",0,0,0
"uniform_10","intersection","MOZ",0,0,0
"uniform_10","intersection","MRT",0,0,0
"uniform_10","intersection","MWI",0,0,0
"uniform_10","intersection","NAM",0,0,0
"uniform_10","intersection","NER",0,0,0
"uniform_10","intersection","NGA",0.02,0.011,17.9
"uniform_10","intersection","RWA",0,0,0
"uniform_10","intersection","SDN",0,0,0
"uniform_10","intersection","SEN",0,0,0
"uniform_10","intersection","SLE",0.024,0.016,36.2
"uniform_10","intersection","SOM",0,0,0
"uniform_10","intersection","SSD",0,0,0
"uniform_10","intersection","SWZ",0,0,0
"uniform_10","intersection","TCD",0,0,0
"uniform_10","intersection","TGO",0,0,0
"uniform_10","intersection","TZA",0.03,0.015,43.8
"uniform_10","intersection","UGA",0,0,0
"uniform_10","intersection","ZAF",0,0,0
"uniform_10","intersection","ZMB",0,0,0
"uniform_10","intersection","ZWE",0,0,0
"uniform_10","combined","AGO",1,0.5,1527.4
"uniform_10","combined","BDI",0.467,0.934,408.7
"uniform_10","combined","BEN",0,0,0
"uniform_10","combined","BFA",0,0,0.1
"uniform_10","combined","BWA",0,0,0
"uniform_10","combined","CAF",0.034,0.023,23.2
"uniform_10","combined","CIV",0.068,0.023,44.8
"uniform_10","combined","CMR",1.123,0.702,1003.6
"uniform_10","combined","COD",0.615,0.385,636.4
"uniform_10","combined","COG",0.034,0.023,61.7
"uniform_10","combined","DJI",0,0,0
"uniform_10","combined","ERI",0,0,0
"uniform_10","combined","ETH",1.415,1.415,972.3
"uniform_10","combined","GAB",0.043,0.029,41.3
"uniform_10","combined","GHA",0.006,0.005,5.4
"uniform_10","combined","GIN",0.776,0.388,542.7
"uniform_10","combined","GMB",0,0,0
"uniform_10","combined","GNB",0.021,0.014,10.9
"uniform_10","combined","GNQ",0.027,0.018,20.7
"uniform_10","combined","KEN",0.029,0.029,49.2
"uniform_10","combined","LBR",0.012,0.008,12.1
"uniform_10","combined","LSO",0,0,0
"uniform_10","combined","MDG",0.222,0.247,212
"uniform_10","combined","MLI",0.001,0,0.7
"uniform_10","combined","MOZ",0.099,0.066,44.3
"uniform_10","combined","MRT",0,0,0
"uniform_10","combined","MWI",0.013,0.016,6.8
"uniform_10","combined","NAM",0,0,0
"uniform_10","combined","NER",0,0,0
"uniform_10","combined","NGA",0.632,0.351,973.1
"uniform_10","combined","RWA",0.666,1.111,852.1
"uniform_10","combined","SDN",0,0,0
"uniform_10","combined","SEN",0,0,0
"uniform_10","combined","SLE",0.189,0.126,264.9
"uniform_10","combined","SOM",0,0,0
"uniform_10","combined","SSD",0.006,0.003,5.9
"uniform_10","combined","SWZ",0.008,0.005,3.8
"uniform_10","combined","TCD",0,0,0
"uniform_10","combined","TGO",0.009,0.006,6
"uniform_10","combined","TZA",0.286,0.143,297.4
"uniform_10","combined","UGA",0.275,0.25,216.7
"uniform_10","combined","ZAF",0.083,0.028,157.8
"uniform_10","combined","ZMB",0.105,0.042,110.7
"uniform_10","combined","ZWE",0,0,0
"uniform_20","private","AGO",0.2,0.1,297.6
"uniform_20","private","BDI",0.07,0.14,81
"uniform_20","private","BEN",0,0,0
"uniform_20","private","BFA",0,0,0
"uniform_20","private","BWA",0,0,0
"uniform_20","private","CAF",0,0,0.3
"uniform_20","private","CIV",0,0,0
"uniform_20","private","CMR",0.571,0.357,566
"uniform_20","private","COD",0.029,0.018,23.5
"uniform_20","private","COG",0,0,0.2
"uniform_20","private","DJI",0,0,0
"uniform_20","private","ERI",0,0,0
"uniform_20","private","ETH",0.03,0.03,26.4
"uniform_20","private","GAB",0.005,0.003,5.9
"uniform_20","private","GHA",0,0,0
"uniform_20","private","GIN",0.166,0.083,132.2
"uniform_20","private","GMB",0,0,0
"uniform_20","private","GNB",0,0,0
"uniform_20","private","GNQ",0,0,0.1
"uniform_20","private","KEN",0.002,0.002,7.2
"uniform_20","private","LBR",0,0,0
"uniform_20","private","LSO",0,0,0
"uniform_20","private","MDG",0.002,0.003,8.4
"uniform_20","private","MLI",0,0,0
"uniform_20","private","MOZ",0,0,0
"uniform_20","private","MRT",0,0,0
"uniform_20","private","MWI",0,0,0
"uniform_20","private","NAM",0,0,0
"uniform_20","private","NER",0,0,0
"uniform_20","private","NGA",0.013,0.007,16
"uniform_20","private","RWA",0.149,0.248,250.9
"uniform_20","private","SDN",0,0,0
"uniform_20","private","SEN",0,0,0
"uniform_20","private","SLE",0.007,0.004,10.5
"uniform_20","private","SOM",0,0,0
"uniform_20","private","SSD",0,0,0
"uniform_20","private","SWZ",0.001,0,0.3
"uniform_20","private","TCD",0,0,0
"uniform_20","private","TGO",0,0,0
"uniform_20","private","TZA",0.005,0.002,9.4
"uniform_20","private","UGA",0.003,0.003,2.3
"uniform_20","private","ZAF",0.021,0.007,44.7
"uniform_20","private","ZMB",0.017,0.007,19.2
"uniform_20","private","ZWE",0,0,0
"uniform_20","public","AGO",0,0,0
"uniform_20","public","BDI",0.004,0.008,5.4
"uniform_20","public","BEN",0,0,0
"uniform_20","public","BFA",0,0,0.1
"uniform_20","public","BWA",0,0,0
"uniform_20","public","CAF",0,0,0.2
"uniform_20","public","CIV",0.002,0.001,1.3
"uniform_20","public","CMR",0.835,0.522,742.4
"uniform_20","public","COD",0.085,0.053,46
"uniform_20","public","COG",0,0,0
"uniform_20","public","DJI",0,0,0
"uniform_20","public","ERI",0,0,0
"uniform_20","public","ETH",1.424,1.424,980.7
"uniform_20","public","GAB",0,0,0
"uniform_20","public","GHA",0,0,0
"uniform_20","public","GIN",0.706,0.353,494.6
"uniform_20","public","GMB",0,0,0
"uniform_20","public","GNB",0.013,0.009,6.4
"uniform_20","public","GNQ",0,0,0
"uniform_20","public","KEN",0,0,0
"uniform_20","public","LBR",0.001,0,0.7
"uniform_20","public","LSO",0,0,0
"uniform_20","public","MDG",0.175,0.195,139.9
"uniform_20","public","MLI",0.002,0,0.9
"uniform_20","public","MOZ",0.119,0.079,45.6
"uniform_20","public","MRT",0,0,0
"uniform_20","public","MWI",0.014,0.017,7
"uniform_20","public","NAM",0,0,0
"uniform_20","public","NER",0,0,0
"uniform_20","public","NGA",0.255,0.142,252
"uniform_20","public","RWA",0.021,0.035,46.5
"uniform_20","public","SDN",0,0,0
"uniform_20","public","SEN",0,0,0.1
"uniform_20","public","SLE",0.066,0.044,96
"uniform_20","public","SOM",0,0,0
"uniform_20","public","SSD",0,0,0
"uniform_20","public","SWZ",0,0,0
"uniform_20","public","TCD",0,0,0
"uniform_20","public","TGO",0,0,0
"uniform_20","public","TZA",0.18,0.09,178.2
"uniform_20","public","UGA",0.036,0.033,20.8
"uniform_20","public","ZAF",0.014,0.005,29.2
"uniform_20","public","ZMB",0,0,0
"uniform_20","public","ZWE",0,0,0
"uniform_20","intersection","AGO",0,0,0
"uniform_20","intersection","BDI",0,0,0
"uniform_20","intersection","BEN",0,0,0
"uniform_20","intersection","BFA",0,0,0
"uniform_20","intersection","BWA",0,0,0
"uniform_20","intersection","CAF",0,0,0
"uniform_20","intersection","CIV",0,0,0
"uniform_20","intersection","CMR",0.534,0.334,531.9
"uniform_20","intersection","COD",0.006,0.004,2.7
"uniform_20","intersection","COG",0,0,0
"uniform_20","intersection","DJI",0,0,0
"uniform_20","intersection","ERI",0,0,0
"uniform_20","intersection","ETH",0.03,0.03,26.4
"uniform_20","intersection","GAB",0,0,0
"uniform_20","intersection","GHA",0,0,0
"uniform_20","intersection","GIN",0.165,0.083,131.3
"uniform_20","intersection","GMB",0,0,0
"uniform_20","intersection","GNB",0,0,0
"uniform_20","intersection","GNQ",0,0,0
"uniform_20","intersection","KEN",0,0,0
"uniform_20","intersection","LBR",0,0,0
"uniform_20","intersection","LSO",0,0,0
"uniform_20","intersection","MDG",0,0,0.3
"uniform_20","intersection","MLI",0,0,0
"uniform_20","intersection","MOZ",0,0,0
"uniform_20","intersection","MRT",0,0,0
"uniform_20","intersection","MWI",0,0,0
"uniform_20","intersection","NAM",0,0,0
"uniform_20","intersection","NER",0,0,0
"uniform_20","intersection","NGA",0.008,0.004,6.5
"uniform_20","intersection","RWA",0,0,0
"uniform_20","intersection","SDN",0,0,0
"uniform_20","intersection","SEN",0,0,0
"uniform_20","intersection","SLE",0.005,0.003,8.5
"uniform_20","intersection","SOM",0,0,0
"uniform_20","intersection","SSD",0,0,0
"uniform_20","intersection","SWZ",0,0,0
"uniform_20","intersection","TCD",0,0,0
"uniform_20","intersection","TGO",0,0,0
"uniform_20","intersection","TZA",0.004,0.002,8.6
"uniform_20","intersection","UGA",0,0,0
"uniform_20","intersection","ZAF",0,0,0
"uniform_20","intersection","ZMB",0,0,0
"uniform_20","intersection","ZWE",0,0,0
"uniform_20","combined","AGO",0.57,0.285,891.6
"uniform_20","combined","BDI",0.311,0.623,287.4
"uniform_20","combined","BEN",0,0,0
"uniform_20","combined","BFA",0,0,0.1
"uniform_20","combined","BWA",0,0,0
"uniform_20","combined","CAF",0.003,0.002,2
"uniform_20","combined","CIV",0.009,0.003,6.2
"uniform_20","combined","CMR",0.972,0.607,864.3
"uniform_20","combined","COD",0.3,0.187,258
"uniform_20","combined","COG",0.016,0.01,29.1
"uniform_20","combined","DJI",0,0,0
"uniform_20","combined","ERI",0,0,0
"uniform_20","combined","ETH",1.436,1.436,987.9
"uniform_20","combined","GAB",0.019,0.013,20.2
"uniform_20","combined","GHA",0,0,0
"uniform_20","combined","GIN",0.766,0.383,535.2
"uniform_20","combined","GMB",0,0,0
"uniform_20","combined","GNB",0.017,0.011,8.8
"uniform_20","combined","GNQ",0.006,0.004,5.6
"uniform_20","combined","KEN",0.002,0.002,7.2
"uniform_20","combined","LBR",0.002,0.002,2.4
"uniform_20","combined","LSO",0,0,0
"uniform_20","combined","MDG",0.222,0.246,203
"uniform_20","combined","MLI",0.002,0,0.9
"uniform_20","combined","MOZ",0.125,0.083,49.6
"uniform_20","combined","MRT",0,0,0
"uniform_20","combined","MWI",0.014,0.017,7
"uniform_20","combined","NAM",0,0,0
"uniform_20","combined","NER",0,0,0
"uniform_20","combined","NGA",0.406,0.226,481
"uniform_20","combined","RWA",0.509,0.848,715.6
"uniform_20","combined","SDN",0,0,0
"uniform_20","combined","SEN",0,0,0.1
"uniform_20","combined","SLE",0.162,0.108,229.2
"uniform_20","combined","SOM",0,0,0
"uniform_20","combined","SSD",0,0,0.4
"uniform_20","combined","SWZ",0.008,0.005,3.7
"uniform_20","combined","TCD",0,0,0
"uniform_20","combined","TGO",0.001,0,0.5
"uniform_20","combined","TZA",0.226,0.113,242.9
"uniform_20","combined","UGA",0.184,0.168,153.6
"uniform_20","combined","ZAF",0.051,0.017,106.3
"uniform_20","combined","ZMB",0.04,0.016,45.4
"uniform_20","combined","ZWE",0,0,0
"uniform_50","private","AGO",0.003,0.001,4.7
"uniform_50","private","BDI",0,0,0
"uniform_50","private","BEN",0,0,0
"uniform_50","private","BFA",0,0,0
"uniform_50","private","BWA",0,0,0
"uniform_50","private","CAF",0,0,0
"uniform_50","private","CIV",0,0,0
"uniform_50","private","CMR",0.391,0.244,402.3
"uniform_50","private","COD",0,0,0.2
"uniform_50","private","COG",0,0,0
"uniform_50","private","DJI",0,0,0
"uniform_50","private","ERI",0,0,0
"uniform_50","private","ETH",0,0,0
"uniform_50","private","GAB",0,0,0
"uniform_50","private","GHA",0,0,0
"uniform_50","private","GIN",0.018,0.009,15.6
"uniform_50","private","GMB",0,0,0
"uniform_50","private","GNB",0,0,0
"uniform_50","private","GNQ",0,0,0
"uniform_50","private","KEN",0.001,0.001,3.8
"uniform_50","private","LBR",0,0,0
"uniform_50","private","LSO",0,0,0
"uniform_50","private","MDG",0,0,0
"uniform_50","private","MLI",0,0,0
"uniform_50","private","MOZ",0,0,0
"uniform_50","private","MRT",0,0,0
"uniform_50","private","MWI",0,0,0
"uniform_50","private","NAM",0,0,0
"uniform_50","private","NER",0,0,0
"uniform_50","private","NGA",0,0,0
"uniform_50","private","RWA",0.036,0.061,77.6
"uniform_50","private","SDN",0,0,0
"uniform_50","private","SEN",0,0,0
"uniform_50","private","SLE",0,0,0
"uniform_50","private","SOM",0,0,0
"uniform_50","private","SSD",0,0,0
"uniform_50","private","SWZ",0,0,0
"uniform_50","private","TCD",0,0,0
"uniform_50","private","TGO",0,0,0
"uniform_50","private","TZA",0,0,0
"uniform_50","private","UGA",0,0,0
"uniform_50","private","ZAF",0.004,0.001,16.9
"uniform_50","private","ZMB",0,0,0
"uniform_50","private","ZWE",0,0,0
"uniform_50","public","AGO",0,0,0
"uniform_50","public","BDI",0.005,0.011,7.6
"uniform_50","public","BEN",0,0,0
"uniform_50","public","BFA",0,0,0.1
"uniform_50","public","BWA",0,0,0
"uniform_50","public","CAF",0,0,0.2
"uniform_50","public","CIV",0.003,0.001,1.4
"uniform_50","public","CMR",0.853,0.533,753.8
"uniform_50","public","COD",0.092,0.058,47.6
"uniform_50","public","COG",0,0,0
"uniform_50","public","DJI",0,0,0
"uniform_50","public","ERI",0,0,0
"uniform_50","public","ETH",1.444,1.444,995.4
"uniform_50","public","GAB",0,0,0
"uniform_50","public","GHA",0,0,0
"uniform_50","public","GIN",0.724,0.362,505.8
"uniform_50","public","GMB",0,0,0
"uniform_50","public","GNB",0.014,0.009,7.1
"uniform_50","public","GNQ",0,0,0
"uniform_50","public","KEN",0,0,0
"uniform_50","public","LBR",0.001,0.001,1.2
"uniform_50","public","LSO",0,0,0
"uniform_50","public","MDG",0.206,0.228,172.2
"uniform_50","public","MLI",0.002,0,0.9
"uniform_50","public","MOZ",0.142,0.095,53.1
"uniform_50","public","MRT",0,0,0
"uniform_50","public","MWI",0.018,0.022,9.3
"uniform_50","public","NAM",0,0,0
"uniform_50","public","NER",0,0,0
"uniform_50","public","NGA",0.292,0.162,290.2
"uniform_50","public","RWA",0.039,0.065,95.3
"uniform_50","public","SDN",0,0,0
"uniform_50","public","SEN",0,0,0.1
"uniform_50","public","SLE",0.082,0.054,115.2
"uniform_50","public","SOM",0,0,0
"uniform_50","public","SSD",0,0,0
"uniform_50","public","SWZ",0.001,0.001,0.7
"uniform_50","public","TCD",0,0,0
"uniform_50","public","TGO",0,0,0
"uniform_50","public","TZA",0.216,0.108,226
"uniform_50","public","UGA",0.046,0.042,29.6
"uniform_50","public","ZAF",0.016,0.005,31.7
"uniform_50","public","ZMB",0,0,0
"uniform_50","public","ZWE",0,0,0
"uniform_50","intersection","AGO",0,0,0
"uniform_50","intersection","BDI",0,0,0
"uniform_50","intersection","BEN",0,0,0
"uniform_50","intersection","BFA",0,0,0
"uniform_50","intersection","BWA",0,0,0
"uniform_50","intersection","CAF",0,0,0
"uniform_50","intersection","CIV",0,0,0
"uniform_50","intersection","CMR",0.389,0.243,400.9
"uniform_50","intersection","COD",0,0,0
"uniform_50","intersection","COG",0,0,0
"uniform_50","intersection","DJI",0,0,0
"uniform_50","intersection","ERI",0,0,0
"uniform_50","intersection","ETH",0,0,0
"uniform_50","intersection","GAB",0,0,0
"uniform_50","intersection","GHA",0,0,0
"uniform_50","intersection","GIN",0.018,0.009,15.6
"uniform_50","intersection","GMB",0,0,0
"uniform_50","intersection","GNB",0,0,0
"uniform_50","intersection","GNQ",0,0,0
"uniform_50","intersection","KEN",0,0,0
"uniform_50","intersection","LBR",0,0,0
"uniform_50","intersection","LSO",0,0,0
"uniform_50","intersection","MDG",0,0,0
"uniform_50","intersection","MLI",0,0,0
"uniform_50","intersection","MOZ",0,0,0
"uniform_50","intersection","MRT",0,0,0
"uniform_50","intersection","MWI",0,0,0
"uniform_50","intersection","NAM",0,0,0
"uniform_50","intersection","NER",0,0,0
"uniform_50","intersection","NGA",0,0,0
"uniform_50","intersection","RWA",0,0,0
"uniform_50","intersection","SDN",0,0,0
"uniform_50","intersection","SEN",0,0,0
"uniform_50","intersection","SLE",0,0,0
"uniform_50","intersection","SOM",0,0,0
"uniform_50","intersection","SSD",0,0,0
"uniform_50","intersection","SWZ",0,0,0
"uniform_50","intersection","TCD",0,0,0
"uniform_50","intersection","TGO",0,0,0
"uniform_50","intersection","TZA",0,0,0
"uniform_50","intersection","UGA",0,0,0
"uniform_50","intersection","ZAF",0,0,0
"uniform_50","intersection","ZMB",0,0,0
"uniform_50","intersection","ZWE",0,0,0
"uniform_50","combined","AGO",0.042,0.021,82.1
"uniform_50","combined","BDI",0.02,0.04,27.9
"uniform_50","combined","BEN",0,0,0
"uniform_50","combined","BFA",0,0,0.1
"uniform_50","combined","BWA",0,0,0
"uniform_50","combined","CAF",0,0,0.2
"uniform_50","combined","CIV",0.003,0.001,1.4
"uniform_50","combined","CMR",0.915,0.572,808.6
"uniform_50","combined","COD",0.106,0.066,57.9
"uniform_50","combined","COG",0,0,0
"uniform_50","combined","DJI",0,0,0
"uniform_50","combined","ERI",0,0,0
"uniform_50","combined","ETH",1.448,1.448,997.6
"uniform_50","combined","GAB",0.004,0.002,4.6
"uniform_50","combined","GHA",0,0,0
"uniform_50","combined","GIN",0.751,0.376,525.4
"uniform_50","combined","GMB",0,0,0
"uniform_50","combined","GNB",0.017,0.011,8.4
"uniform_50","combined","GNQ",0,0,0.1
"uniform_50","combined","KEN",0.001,0.001,3.8
"uniform_50","combined","LBR",0.002,0.001,1.6
"uniform_50","combined","LSO",0,0,0
"uniform_50","combined","MDG",0.226,0.252,205.5
"uniform_50","combined","MLI",0.002,0,0.9
"uniform_50","combined","MOZ",0.143,0.096,53.6
"uniform_50","combined","MRT",0,0,0
"uniform_50","combined","MWI",0.02,0.025,12.6
"uniform_50","combined","NAM",0,0,0
"uniform_50","combined","NER",0,0,0
"uniform_50","combined","NGA",0.319,0.177,318.1
"uniform_50","combined","RWA",0.23,0.383,452.7
"uniform_50","combined","SDN",0,0,0
"uniform_50","combined","SEN",0,0,0.1
"uniform_50","combined","SLE",0.129,0.086,182.1
"uniform_50","combined","SOM",0,0,0
"uniform_50","combined","SSD",0,0,0
"uniform_50","combined","SWZ",0.006,0.004,3
"uniform_50","combined","TCD",0,0,0
"uniform_50","combined","TGO",0,0,0
"uniform_50","combined","TZA",0.229,0.114,242.3
"uniform_50","combined","UGA",0.054,0.049,36.9
"uniform_50","combined","ZAF",0.027,0.009,59.9
"uniform_50","combined","ZMB",0.002,0.001,2.7
"uniform_50","combined","ZWE",0,0,0
