"regime","allocation","total_gm_musd","total_agro_musd","total_basalt_musd","total_cdr_revenue_musd","total_cdr_mt","profitable_mha","cdr_on_profitable_mt"
"year1","targeted",18439.6,30219.9,21545.4,10565.7,81.27,137.87,58.41
"npv","targeted",-1106.7,12029.7,21545.4,8390.7,81.27,132.41,37.43
"equilibrium","targeted",1965.3,6044,7363.9,3442,26.48,134.88,13.6
"year1","uniform_10",19950.3,30219.9,75918.2,13742.4,105.71,127.07,81.59
"npv","uniform_10",-6106.2,5494.5,75918.2,10913.5,105.71,119.24,68.31
"equilibrium","uniform_10",-4200.4,6044,75918.2,13742.4,105.71,120.61,71.02
"year1","uniform_20",9712.2,30219.9,151836.4,27484.8,211.42,124.08,153.67
"npv","uniform_20",-17701.2,5494.5,151836.4,21827,211.42,117.41,130.4
"equilibrium","uniform_20",-14438.5,6044,151836.4,27484.8,211.42,118.64,135.36
"year1","uniform_50",-21002,30219.9,379591,68712.1,528.55,120.61,355.11
"npv","uniform_50",-52486.3,5494.5,379591,54567.4,528.55,116.07,314.58
"equilibrium","uniform_50",-45152.7,6044,379591,68712.1,528.55,117.09,325.44
