"r","correct_Mha","harness_Mha","correct_Mt","harness_Mt"
0.25,0,0,0,0
0.5,0,0.00181764602832496,0,0.0053285366640576
0.75,2.54487262644228,2.73794485684616,9.94628544518735,10.9697618395268
1,3.95283568326577,3.95283568326577,20.3743029347124,20.3743029347124
1.25,5.07108616518664,4.88173481202107,32.4092802843884,30.6266992037523
1.5,6.36612655797192,5.77683185156356,48.4052261905208,42.5525551598596
2,22.4928058394736,8.40084650026429,228.652746867826,77.1064412438632
2.5,27.5349798856129,22.7834082292354,345.393223307165,249.234110634107
3,29.44833079232,26.0758042960365,441.150998442357,331.160712643532
